Object_Designation  ,Year_Range  ,Potential_Impacts  ,Impact_Probability_cumulative,Vinfinity,H_mag,Estimated_Diameter,Palermo_Scale,Palermo_Scale_max
29075 (1950 DA),2880-2880,1,0.00012,14.1,17.6,1.3,-1.42,-1.42
101955 Bennu (1999 RQ36),2175-2199,78,0.00037,5.99,20.2,0.49,-1.69,-2.3
99942 Apophis (2004 MN4),2060-2105,12,8.9E-06,5.85,19.1,0.37,-2.78,-2.88
(1979 XB),2056-2113,2,7.4E-07,23.92,18.5,0.662,-2.8,-3.09
(2000 SG344),2069-2113,101,0.0026,1.36,24.8,0.037,-2.84,-3.2
(2009 JF1),2022-2022,1,0.00026,23.92,27.1,0.013,-2.88,-2.88
(2007 FT3),2024-2116,164,1.4E-06,17.06,20,0.34,-2.95,-3.46
(2008 JL3),2027-2119,27,0.00016,8.42,25.3,0.029,-3.23,-3.24
(2010 RF12),2095-2119,59,0.047,5.1,28.4,0.007,-3.31,-3.32
(2005 QK76),2030-2107,9,6.8E-05,19.67,25.2,0.031,-3.45,-3.59
(2014 MR26),2036-2073,12,2.5E-08,26.98,17.8,0.916,-3.49,-3.8
(2001 CA21),2025-2073,3,9.3E-09,30.7,18.5,0.677,-3.52,-3.53
(2018 VP1),2020-2025,3,0.0041,9.53,30.9,0.002,-3.57,-3.57
(2016 NL56),2023-2118,259,7.2E-07,15.23,20.6,0.265,-3.57,-4.25
(1994 GK),2051-2067,5,6.9E-05,14.87,24.2,0.048,-3.62,-3.63
(2005 ED224),2023-2064,5,2.6E-06,24.96,24,0.054,-3.62,-3.64
(2001 VB),2023-2023,1,2.4E-09,35.02,18.3,0.73,-3.63,-3.63
(2008 UB7),2048-2100,31,3.5E-05,18.51,23.8,0.058,-3.69,-4.3
(2015 ME131),2021-2089,97,3.1E-08,19.72,19.2,0.498,-3.7,-4.26
(2000 SB45),2074-2113,101,0.00016,7.53,24.3,0.046,-3.75,-4.21
(2020 TK5),2039-2056,6,1.3E-05,14.26,23.6,0.066,-3.75,-3.85
(2012 HG2),2052-2119,469,0.0028,3.33,27,0.014,-3.76,-4.26
(2012 QD8),2042-2105,4,6.5E-06,20.76,23.1,0.081,-3.76,-3.9
(2016 WN55),2026-2114,76,1.1E-07,15.41,19.4,0.452,-3.77,-4.46
(2007 DX40),2030-2111,41,6.2E-05,15.53,24.6,0.04,-3.8,-4.22
(2008 EX5),2061-2090,16,4.7E-05,9.92,23.8,0.059,-3.86,-4.13
(2017 WT28),2083-2119,72,0.011,4.47,28.1,0.008,-3.86,-3.89
(2020 FA5),2043-2119,81,6.7E-07,28.26,21,0.212,-3.86,-4.53
(2013 VW13),2071-2084,9,0.00043,16.35,26.2,0.019,-3.9,-4.07
(2009 BE),2061-2117,24,0.00043,11.46,26.1,0.02,-4.01,-4.3
(2006 JY26),2073-2109,39,0.007,2.98,28.4,0.007,-4.04,-4.04
(2008 CC71),2034-2082,20,5.9E-05,8.07,24.9,0.036,-4.09,-4.44
(2017 SH33),2026-2093,21,2.3E-08,25.22,19.2,0.49,-4.09,-4.44
(2014 GN1),2061-2061,1,2.1E-05,21.23,24.6,0.041,-4.13,-4.13
(2015 YJ),2042-2115,54,0.0016,16.35,28.3,0.007,-4.13,-4.36
(2011 DU9),2046-2059,4,0.00028,8.77,26.7,0.016,-4.16,-4.17
(2006 DM63),2031-2116,39,0.00014,10.37,26.7,0.015,-4.17,-4.46
(2017 LD),2053-2120,204,0.0022,4.49,27.5,0.011,-4.18,-4.74
(2020 TJ3),2056-2119,27,6.5E-05,8.2,24.6,0.041,-4.19,-4.83
(2020 MJ),2086-2109,29,9.5E-05,17.05,25.3,0.03,-4.2,-4.42
(2010 CR5),2062-2075,3,7.5E-08,23.68,19.8,0.371,-4.21,-4.24
(2010 GM23),2087-2116,30,6.3E-05,13.44,24.7,0.04,-4.22,-4.87
(2013 TP4),2026-2026,1,4.9E-05,25.3,27.5,0.011,-4.23,-4.23
(2016 WG),2076-2115,24,5.8E-06,23.6,23.3,0.075,-4.23,-4.93
(2008 HJ),2077-2112,25,0.00026,7.53,25.8,0.024,-4.27,-4.73
(2019 LW4),2083-2115,38,0.001,8.62,27.3,0.012,-4.28,-4.31
(2014 JU15),2079-2114,86,5.6E-05,10.35,24.7,0.039,-4.3,-5.2
(2002 RB182),2053-2116,26,6.1E-06,13.26,22.8,0.092,-4.31,-5.02
(2010 UK),2068-2116,43,0.00052,6.08,26.9,0.014,-4.34,-4.35
(2007 KO4),2022-2116,315,4.3E-06,13.71,23.3,0.075,-4.34,-5.14
(2007 KE4),2026-2115,4,1.4E-05,10.07,25.2,0.031,-4.36,-4.39
(2019 LU1),2056-2070,8,4.4E-06,31.85,24.3,0.048,-4.36,-4.42
(2017 RZ17),2022-2116,44,2.5E-08,19.2,19.8,0.369,-4.37,-4.8
(2020 CQ1),2070-2119,11,0.0046,4.9,28.8,0.006,-4.37,-4.38
(2008 ST7),2074-2112,21,2.7E-05,9.97,24.1,0.052,-4.39,-4.81
(2010 QG2),2051-2064,6,1.1E-05,12.89,24.3,0.047,-4.39,-4.4
(2020 TY4),2099-2111,4,2.6E-05,8.37,23.9,0.055,-4.4,-4.41
(2016 HF3),2078-2092,2,4.7E-05,7.93,24.8,0.038,-4.4,-4.4
(2008 EZ84),2072-2115,9,0.00019,7.91,26.2,0.02,-4.41,-4.72
(2011 BL45),2050-2119,56,0.00084,1.68,27.1,0.013,-4.42,-4.57
(2008 TE),2023-2077,4,4.3E-05,11.84,27.7,0.01,-4.43,-4.43
(2018 NJ),2083-2116,17,0.0016,5.85,27.8,0.009,-4.43,-4.44
(2016 RD34),2051-2094,21,0.00068,1.13,27.4,0.011,-4.44,-4.77
(2011 EB74),2032-2116,423,0.00033,7.54,26.9,0.014,-4.45,-5.41
(2018 TY4),2033-2033,1,0.00031,10.67,28.1,0.008,-4.45,-4.45
(2017 AE21),2021-2117,96,4.6E-06,5.14,25,0.034,-4.47,-5.01
(2018 JD),2067-2096,5,0.00026,8.01,26.7,0.016,-4.48,-4.48
(2012 BA77),2025-2088,29,3.3E-05,12.7,25.9,0.023,-4.49,-5.01
(2019 WG2),2093-2119,37,4.3E-05,14.77,24.9,0.035,-4.51,-5.05
(2012 MF7),2046-2096,12,0.00015,8.7,26.8,0.015,-4.53,-4.57
(2013 GM3),2028-2116,169,0.00015,7.14,26.2,0.019,-4.56,-5.31
(2010 MY112),2022-2092,28,1.1E-08,23.63,21,0.37,-4.58,-5.02
(2012 VE77),2033-2035,2,2.6E-05,15.33,26.3,0.018,-4.58,-4.58
(2006 HF6),2053-2110,26,1.1E-05,16.39,24.5,0.043,-4.6,-5.15
(2007 WP3),2098-2114,17,7.7E-06,13.03,23.5,0.067,-4.61,-4.98
(2018 DQ),2027-2114,62,0.00022,20.85,29.1,0.005,-4.61,-4.64
(2017 SF20),2034-2034,1,0.00033,10.44,28.4,0.007,-4.61,-4.61
(2015 XA378),2092-2119,22,5.2E-05,17.9,25.6,0.026,-4.61,-4.83
(2020 KD3),2081-2114,81,0.0002,7.92,26.4,0.018,-4.62,-4.79
(2014 WA201),2075-2082,6,0.0002,11.57,26.8,0.015,-4.63,-4.64
(2014 CR13),2103-2117,20,9.1E-05,12.29,25.7,0.024,-4.63,-4.74
(2018 GR4),2058-2120,39,0.00031,2.6,27.1,0.013,-4.63,-4.68
(2011 UM169),2099-2107,19,3.3E-05,13.96,25.1,0.033,-4.66,-4.87
(2008 FF5),2060-2060,1,4.8E-07,39.47,23.1,0.081,-4.67,-4.67
(2011 SO189),2056-2102,13,0.0001,12.99,26.5,0.017,-4.68,-5.04
(2017 PY26),2108-2117,6,1.2E-06,19.98,22.4,0.11,-4.69,-5.28
(2016 DK1),2043-2120,47,0.0003,6.87,27.4,0.011,-4.7,-5.13
(2020 DJ1),2083-2117,25,2.6E-05,14,24.9,0.036,-4.7,-4.93
(2020 JK),2071-2118,52,7.6E-06,18.59,24.1,0.052,-4.7,-5.67
(2005 NX55),2021-2107,105,4.3E-08,25.06,21.9,0.141,-4.72,-5.08
(2012 ES10),2054-2064,7,1.6E-06,24.36,23.7,0.061,-4.73,-5.01
(2007 HB15),2047-2115,59,0.00051,6.34,27.8,0.01,-4.73,-4.91
(2019 QR3),2073-2088,19,0.00024,10.98,27.1,0.013,-4.73,-5.08
(2020 UE),2061-2118,25,3E-05,14.58,25.6,0.026,-4.73,-5.07
(2017 VL2),2087-2115,58,0.00013,8.33,26.1,0.021,-4.75,-5.36
(2010 DG77),2021-2117,566,7.4E-06,2.38,24.5,0.044,-4.76,-6.2
(1995 CS),2042-2061,6,5.3E-06,25.44,25.4,0.028,-4.77,-4.8
(2001 GP2),2043-2107,23,0.00021,2.58,26.9,0.014,-4.77,-4.96
(2008 PK9),2045-2065,9,5.2E-07,26.64,23.2,0.078,-4.77,-5.11
(2018 NW),2046-2117,67,0.00034,21.14,27.8,0.009,-4.77,-5.37
(2005 XA8),2063-2086,21,3.6E-05,12.06,25.6,0.025,-4.79,-5.23
(2011 OB26),2096-2117,36,5.3E-05,10.99,25.5,0.027,-4.79,-5.24
(2014 YN),2095-2115,23,0.00011,3.27,25.7,0.024,-4.79,-5.29
(2011 CU46),2028-2117,502,2.3E-05,16,25.4,0.028,-4.8,-6.02
(2012 EK5),2070-2111,14,3.3E-05,15.13,25.5,0.026,-4.8,-5.07
(2019 TU),2088-2119,11,8.9E-05,9.72,26,0.021,-4.8,-4.81
(2017 YM1),2048-2103,18,2.8E-05,11.08,25.2,0.031,-4.81,-5
(2015 WN1),2053-2116,74,0.00011,8.88,26.3,0.018,-4.81,-5.55
(2011 VG9),2104-2119,3,4.8E-07,24.87,22.2,0.12,-4.83,-5
(2011 XC2),2056-2056,1,6.7E-07,20.75,23,0.085,-4.83,-4.83
(2020 DF3),2067-2081,3,2.4E-06,26.8,24.2,0.05,-4.83,-5.12
(2018 LF16),2023-2117,62,3.3E-08,15.13,21,0.213,-4.84,-5.33
(2010 XN69),2020-2116,143,6.9E-05,6.45,26.3,0.019,-4.84,-6.01
(2018 NL),2060-2114,26,3.8E-05,8.3,25.4,0.029,-4.84,-5.37
(2010 KV7),2034-2115,48,3.9E-05,5.37,26,0.021,-4.85,-5.17
(2016 EO28),2035-2054,19,0.00058,6.98,29.1,0.005,-4.85,-4.88
(2019 AU6),2064-2103,13,9.6E-05,8.74,26.6,0.016,-4.85,-5.11
(2002 VU17),2084-2099,5,1.4E-05,13.69,24.8,0.038,-4.86,-5.29
(2017 RV2),2071-2119,43,0.00013,6.48,26.2,0.019,-4.87,-5.39
(2000 WJ107),2114-2115,14,2.9E-06,12.78,23.1,0.081,-4.88,-5.58
(2014 LY21),2021-2116,969,8.3E-05,6.56,29.3,0.005,-4.88,-5.12
(2002 MN),2070-2109,8,2.8E-06,10.37,23.3,0.073,-4.89,-5.25
(2019 SJ),2082-2119,16,0.00045,8.52,27.6,0.01,-4.89,-5.21
(2010 JA43),2022-2118,100,8.1E-08,15.23,21.6,0.162,-4.9,-5.45
(2019 WE),2044-2078,8,7E-05,8.15,26.8,0.015,-4.93,-5.05
(2020 HL1),2055-2066,3,1.4E-05,9.44,25.3,0.03,-4.93,-5.06
(2007 VE8),2062-2062,1,2E-05,9.05,25.4,0.028,-4.94,-4.94
(2016 VB1),2065-2119,68,0.0013,5.45,28.6,0.007,-4.95,-5.49
(2009 WP6),2067-2114,53,4E-05,25.34,26.8,0.015,-4.96,-5.23
(2019 WU2),2086-2109,9,1E-05,11.53,24.6,0.041,-4.96,-5.06
(2020 GZ2),2049-2054,4,0.00022,9.54,28.1,0.008,-4.97,-4.97
(1996 TC1),2064-2072,3,1.3E-06,24.01,23.9,0.055,-5,-5.02
(2014 ML67),2023-2109,25,4.3E-07,21.17,24.2,0.05,-5,-5.19
(2010 JH110),2071-2102,5,7.5E-05,8.07,26.3,0.019,-5.01,-5.17
(2005 CC37),2117-2117,1,1.9E-06,8.42,22.7,0.098,-5.01,-5.01
(2010 XB73),2023-2110,50,2.8E-07,5.98,22.5,0.11,-5.02,-5.68
(2011 MX),2070-2086,21,9.3E-05,12.15,26.9,0.014,-5.02,-5.34
(2020 JS1),2022-2109,31,9.1E-06,5.22,26.3,0.018,-5.02,-5.06
(2006 CM10),2092-2092,1,1.8E-07,22.34,21.7,0.15,-5.03,-5.03
(2006 JE),2094-2112,5,1.8E-06,26.35,23.8,0.058,-5.04,-5.1
(2010 VQ),2034-2114,50,0.00014,4.57,27.7,0.01,-5.04,-5.24
(2013 EV27),2038-2075,5,2.8E-05,12.37,27,0.014,-5.04,-5.04
(2014 MA68),2021-2116,389,1.6E-05,4.96,25.9,0.022,-5.04,-5.56
(2018 XQ2),2065-2120,63,0.0007,3.81,28.1,0.008,-5.04,-5.53
(2004 VM24),2049-2114,28,2.3E-05,12.86,25.7,0.025,-5.05,-5.63
(2011 CW46),2021-2115,100,5E-07,16.62,24.7,0.039,-5.05,-5.1
(2012 SY49),2031-2114,23,1.2E-05,15.65,25.8,0.023,-5.05,-5.42
(2000 LG6),2075-2115,38,0.0019,2.11,29,0.005,-5.06,-5.46
(2014 MV67),2022-2025,2,6.3E-10,12.4,19,0.54,-5.07,-5.24
(2010 VW194),2042-2116,35,7.1E-05,7.31,26.5,0.017,-5.08,-5.64
(2019 JO1),2044-2052,4,4.1E-05,18.23,27.3,0.012,-5.08,-5.1
(2006 CD),2021-2116,47,2.1E-08,11.28,20.9,0.223,-5.09,-5.61
(2020 KN2),2063-2120,11,4E-05,7.88,26.4,0.018,-5.11,-5.12
(2017 DC120),2021-2115,81,5.2E-08,10.55,22.3,0.12,-5.12,-5.29
(2011 AE3),2021-2117,617,5.8E-05,4.77,27.7,0.01,-5.12,-5.42
(2017 GG8),2066-2078,4,2.4E-05,11.46,26.1,0.021,-5.13,-5.17
(1994 GV),2036-2116,48,0.00016,8.09,27.5,0.011,-5.14,-5.69
(2007 CC27),2067-2105,34,7.7E-05,10.88,26.9,0.014,-5.14,-5.66
(2009 TH8),2097-2100,3,8.9E-06,13.03,24.9,0.036,-5.14,-5.19
(2020 BW5),2046-2110,10,2.5E-05,8.67,26.4,0.018,-5.14,-5.19
(2004 PU42),2071-2115,26,7.6E-05,10.12,26.8,0.015,-5.15,-5.87
(2017 QC36),2024-2119,61,4.8E-07,4.62,23.1,0.083,-5.16,-5.53
(2007 DS7),2048-2114,23,2.1E-05,12.38,25.9,0.023,-5.17,-5.39
(2009 FZ4),2021-2116,396,2.4E-06,10.13,25.2,0.031,-5.17,-5.89
(2010 JL88),2049-2116,82,5.7E-05,14.87,26.8,0.015,-5.17,-5.85
(2016 NL39),2055-2120,74,0.00025,3.94,27.6,0.01,-5.18,-5.94
(1999 RZ31),2056-2056,2,1.6E-06,8.2,23.8,0.059,-5.19,-5.25
(2014 UD57),2076-2115,6,2.9E-05,8.72,25.8,0.023,-5.19,-5.32
(2008 YO2),2052-2109,29,7.6E-06,16.49,25.2,0.031,-5.2,-5.76
(2013 BL18),2070-2092,5,2.1E-05,14.19,26,0.022,-5.2,-5.34
(2020 CO2),2048-2118,25,3.6E-05,15.78,26.7,0.016,-5.2,-5.41
(2018 YH2),2024-2119,104,3.3E-07,9.71,23.1,0.082,-5.2,-5.8
(2014 JR24),2069-2115,34,0.0012,3.72,29.3,0.005,-5.21,-5.25
(2020 CD3),2061-2118,24,0.022,NaN,31.7,0.002,-5.21,-5.54
(2010 MZ112),2029-2117,193,4.7E-06,1.8,25.3,0.032,-5.22,-6.53
(2017 NT5),2050-2115,6,5.8E-07,20.15,22.9,0.09,-5.22,-5.65
(2017 SA20),2027-2120,509,0.00043,5.87,28.4,0.007,-5.22,-6.39
(2001 BA16),2033-2052,5,9.9E-06,4.9,25.8,0.023,-5.23,-5.26
(2006 BC8),2050-2112,20,9.5E-06,13.16,25.1,0.032,-5.23,-5.54
(2008 ST),2047-2116,23,0.00016,3.24,27.1,0.013,-5.23,-5.52
(2010 UJ),2022-2109,111,1.1E-05,2.92,26.3,0.019,-5.23,-5.56
(2006 QN111),2079-2079,1,1.9E-06,10.55,23.8,0.06,-5.24,-5.24
(2011 AM37),2048-2117,76,0.0012,3.65,29.7,0.004,-5.24,-5.36
(2019 DP),2073-2120,18,1.2E-05,8.79,24.9,0.035,-5.24,-5.96
(2013 WM),2047-2105,2,4.3E-07,35.43,23.9,0.055,-5.25,-5.41
(2018 CM),2063-2120,14,0.00016,9.5,27.8,0.009,-5.25,-5.34
(2009 BR5),2059-2078,2,1.7E-07,17.97,22.1,0.13,-5.26,-5.26
(2009 FJ),2058-2117,15,9.4E-06,8.92,24.9,0.036,-5.26,-5.65
(2008 EL68),2021-2113,591,3.1E-05,3.53,27.9,0.009,-5.26,-5.63
(2020 TY1),2092-2113,5,6E-07,11.87,22.6,0.1,-5.28,-5.65
(2008 KO),2049-2061,3,7.8E-07,23.49,24.4,0.045,-5.29,-5.61
(2014 HN197),2027-2118,57,6.5E-08,7.43,21.2,0.194,-5.29,-6.21
(2019 XV),2056-2116,20,0.0014,1.33,29.2,0.005,-5.29,-5.94
(2019 XS),2105-2117,10,3.7E-06,10.56,24.1,0.052,-5.29,-5.73
(2011 BG10),2051-2074,4,1.3E-05,12.3,26.3,0.019,-5.3,-5.56
(2005 WG57),2029-2104,7,7.2E-07,9.88,23.6,0.063,-5.31,-5.46
(2008 EM68),2021-2116,1082,1.1E-05,14.4,27.7,0.01,-5.31,-5.65
(2007 UO6),2031-2113,13,2E-05,11.68,27.4,0.011,-5.32,-5.57
(2005 EL70),2034-2034,1,1.3E-07,35.53,24.1,0.052,-5.32,-5.32
(2020 BK3),2091-2105,6,6.3E-05,10.38,26.9,0.014,-5.32,-5.32
(2010 HV20),2116-2116,2,1.3E-07,24.74,21.9,0.14,-5.32,-5.36
(2020 OR4),2093-2117,15,7.9E-06,21.38,25.6,0.025,-5.33,-5.63
(2018 TP5),2074-2105,23,1.6E-05,10.86,25.8,0.024,-5.34,-5.87
(2015 KG158),2045-2111,36,0.00024,7.69,28.3,0.007,-5.34,-5.4
(2002 TY59),2084-2114,5,1.7E-05,8.22,25.4,0.028,-5.35,-5.53
(2018 GE2),2060-2117,44,8.1E-05,6.11,27,0.013,-5.35,-5.84
(2005 TM173),2020-2116,147,9.4E-07,8.66,24.1,0.051,-5.36,-6.24
(2011 BT59),2052-2119,3,8.6E-09,37.6,20.9,0.22,-5.36,-5.39
(2007 EV),2088-2117,9,8.8E-06,10.59,25,0.033,-5.37,-5.81
(2018 PZ21),2045-2119,18,3.8E-05,6.3,26.7,0.016,-5.37,-5.44
(2009 FG),2022-2112,30,7.9E-06,9.12,25.5,0.027,-5.39,-5.93
(2009 OW6),2080-2115,2,1.2E-05,6.65,25.3,0.029,-5.39,-5.55
(2019 HS3),2055-2083,7,1E-05,26.19,26.9,0.014,-5.39,-5.45
(2016 RR1),2063-2113,26,0.00021,6.75,27.8,0.009,-5.39,-5.71
(2018 JN),2100-2120,4,1.2E-05,7.76,25.1,0.033,-5.39,-5.54
(2012 BY1),2043-2074,7,4E-06,18.19,25.8,0.024,-5.4,-5.58
(2020 UC),2053-2117,56,0.00012,7.57,27.6,0.01,-5.4,-5.96
(2020 HQ4),2051-2119,47,7.3E-05,3.52,27,0.014,-5.4,-6.07
(2010 GH7),2099-2117,56,0.00014,5.05,27.3,0.012,-5.41,-5.91
(2018 VS6),2083-2118,17,4.7E-05,11.8,26.9,0.014,-5.41,-5.59
(2015 BW516),2052-2061,4,5.8E-05,11.48,27.7,0.01,-5.41,-5.76
(2020 BY4),2055-2117,13,8.4E-06,20.43,26.1,0.02,-5.41,-5.79
(2020 DK),2089-2119,21,2.2E-05,10.44,26,0.021,-5.41,-6.17
(2004 GE2),2106-2109,2,6.5E-08,20.57,21.4,0.18,-5.42,-5.51
(2016 BA15),2054-2108,16,1.7E-05,15.88,26.8,0.015,-5.42,-5.54
(2016 DA31),2031-2117,189,0.00029,13.74,29.9,0.004,-5.42,-5.7
(2005 VN5),2047-2115,23,5E-05,6.57,27,0.014,-5.43,-5.88
(2005 AU3),2081-2117,30,1.5E-05,14.39,26,0.021,-5.43,-6.09
(2011 SM173),2058-2112,10,5.6E-05,14.25,27.8,0.009,-5.43,-5.47
(2012 DJ54),2068-2119,47,0.00034,5.43,28.5,0.007,-5.43,-5.73
(2016 LP10),2023-2115,28,0.00011,15.57,29.5,0.004,-5.44,-5.56
(2019 SX),2048-2116,58,0.00049,14.43,29.5,0.004,-5.44,-5.65
(2008 VS4),2021-2114,308,5.8E-07,9.51,24.2,0.049,-5.45,-6.47
(2020 GB1),2049-2116,16,2.8E-05,8.28,26.9,0.014,-5.45,-5.57
(2020 GA3),2054-2119,17,4.5E-06,16.87,25.1,0.033,-5.45,-5.81
(2004 ME6),2023-2105,44,1E-07,12.16,22.6,0.103,-5.46,-6.24
(2009 FZ10),2111-2115,3,1E-05,13.01,25.5,0.027,-5.46,-5.48
(2019 UH9),2078-2114,11,3E-06,22.38,25.2,0.031,-5.47,-5.91
(2019 KJ4),2059-2118,83,8.4E-05,5.01,27.2,0.012,-5.47,-6.26
(2012 VJ38),2031-2111,27,0.00011,4.45,28.5,0.007,-5.49,-5.61
(2020 PQ2),2066-2092,2,7.8E-07,20.39,24.3,0.048,-5.49,-5.54
(2010 TW149),2058-2113,54,8.6E-06,17.07,25.9,0.023,-5.5,-6.04
(2011 EB),2070-2110,4,3.3E-05,10.31,26.9,0.014,-5.5,-5.57
(2020 GO1),2064-2120,49,0.00013,6.85,27.6,0.01,-5.5,-6.03
(2020 PO4),2053-2120,62,5.7E-05,5.82,26.9,0.014,-5.5,-6.19
(2016 TY55),2074-2118,18,4.9E-05,4.61,26.9,0.014,-5.52,-5.6
(2014 GQ17),2052-2115,81,5.2E-05,5.41,27.1,0.013,-5.52,-6.26
(2016 CK137),2040-2119,88,5.4E-05,9.83,27.3,0.012,-5.53,-5.96
(2012 TV),2070-2107,13,3.1E-06,16.67,25.2,0.031,-5.53,-5.76
(2013 FU13),2081-2098,5,6.8E-05,5.73,27.2,0.012,-5.54,-5.89
(2008 CT1),2041-2117,148,6.1E-05,13.77,27.6,0.01,-5.56,-6.17
(2009 RR),2098-2115,24,8.3E-06,12.95,25.6,0.026,-5.56,-6.32
(2020 BY1),2049-2049,1,5.2E-06,16.64,26.4,0.018,-5.57,-5.57
(2006 HX57),2045-2065,2,3.1E-06,10.53,25.2,0.031,-5.58,-5.61
(2009 BF58),2055-2117,34,6.2E-05,6.68,27.2,0.012,-5.58,-5.98
(2009 CZ1),2058-2074,2,7.5E-07,17.81,24.4,0.044,-5.59,-5.73
(2009 VA),2025-2048,18,2.2E-05,8.26,28.6,0.006,-5.59,-5.63
(2018 VA8),2099-2116,24,3.3E-05,11.82,26.9,0.014,-5.59,-5.97
(2012 BL14),2021-2116,526,1.6E-05,19.81,28.2,0.008,-5.59,-6.02
(2007 YM),2020-2115,249,4.4E-06,7.63,26.3,0.018,-5.6,-6.24
(2020 MO1),2059-2059,1,2.2E-07,17.6,23.4,0.071,-5.6,-5.6
(2011 FQ6),2053-2115,30,6.5E-05,10.5,27.7,0.01,-5.63,-5.77
(2017 AY20),2021-2021,1,2.4E-10,19.79,20.1,0.33,-5.63,-5.63
(2018 FE4),2085-2101,6,1.5E-06,20.69,24.7,0.038,-5.63,-5.92
(2017 RZ15),2071-2117,29,5E-05,7.87,27.1,0.013,-5.64,-5.99
(2017 AB21),2024-2110,25,5.6E-09,10.69,20.7,0.243,-5.64,-6.13
(2019 UT),2103-2117,11,0.00011,10.9,27.9,0.009,-5.64,-5.96
(2018 HW1),2108-2118,7,1.7E-05,4.74,25.8,0.024,-5.64,-5.68
(2017 OE7),2114-2114,1,2.9E-05,4.28,26.3,0.019,-5.64,-5.64
(2010 UB),2116-2116,2,3.6E-06,7.99,24.6,0.041,-5.65,-5.77
(2016 NK22),2084-2115,81,0.00045,6.88,28.9,0.005,-5.65,-5.85
(2018 GG),2086-2095,4,1.9E-06,14.26,24.6,0.04,-5.65,-5.65
(2017 QF3),2043-2101,28,3.2E-05,12.76,27.8,0.009,-5.65,-6.05
(2020 ED),2096-2117,4,4E-05,7.09,26.9,0.014,-5.65,-5.78
(2017 UL7),2041-2041,1,3.5E-07,16.2,24.4,0.045,-5.66,-5.66
(2019 AW2),2072-2072,1,2.9E-06,13.73,25.3,0.029,-5.66,-5.66
(2012 WS3),2082-2116,33,1.2E-05,8.78,25.9,0.022,-5.67,-6.55
(2013 RS43),2073-2116,42,3.9E-05,5.68,27,0.013,-5.67,-6.15
(2010 UH),2047-2115,38,5.1E-05,6.74,27.1,0.013,-5.68,-5.87
(2012 LJ),2051-2072,2,2.7E-06,18.7,25.6,0.026,-5.68,-5.71
(2016 CD30),2056-2111,11,4.2E-05,10.53,27.7,0.01,-5.68,-5.74
(2008 LE),2021-2116,120,2.3E-06,8.56,26,0.022,-5.69,-6.08
(2020 HB3),2105-2119,9,4.6E-06,11.38,25.1,0.032,-5.69,-6.05
(2018 WH),2053-2118,186,0.00082,7.5,29.9,0.004,-5.7,-5.86
(2014 MO68),2088-2108,2,6.3E-07,9.83,23.3,0.073,-5.71,-5.71
(2017 FB1),2098-2106,2,2.6E-07,22.18,23.4,0.072,-5.71,-5.98
(1991 BA),2023-2115,46,1.1E-05,17.23,28.7,0.006,-5.72,-5.78
(2012 BK14),2021-2117,666,5.3E-05,3.71,28,0.009,-5.72,-6.87
(2010 UY7),2066-2114,46,0.00023,3.87,28.5,0.007,-5.73,-6.18
(2011 AY22),2044-2115,33,2.8E-05,12.98,27.1,0.013,-5.73,-6.45
(2011 KF36),2022-2106,6,9.9E-10,22.33,20.4,0.28,-5.73,-6.09
(2012 BU1),2071-2116,26,7.3E-05,8.96,27.7,0.01,-5.73,-6.22
(2006 UU17),2075-2107,6,1.7E-05,9.8,26.4,0.018,-5.74,-6
(2009 HW67),2046-2079,4,2.9E-06,22.61,26.1,0.02,-5.74,-6.08
(2020 FK6),2054-2117,104,6.1E-05,13.13,28.1,0.008,-5.74,-6.71
(2011 BF40),2083-2083,1,1.2E-06,18.5,24.8,0.037,-5.76,-5.76
(2014 QC391),2078-2116,44,5.6E-05,7.61,27.5,0.011,-5.77,-6.22
(2016 JB18),2089-2116,16,6.9E-05,3.25,27.4,0.011,-5.77,-5.8
(2017 YO5),2090-2117,9,1.4E-05,7.34,26.1,0.02,-5.78,-6.07
(2015 DQ224),2025-2089,191,8.3E-05,14.95,29.3,0.005,-5.79,-6.62
(2019 YV1),2101-2119,5,5.3E-06,5.74,25.2,0.031,-5.79,-6.21
(2017 UJ43),2050-2109,29,4.9E-05,6.91,27.8,0.009,-5.79,-6.13
(2006 SC),2043-2109,8,1.6E-06,12.22,25.2,0.031,-5.79,-5.93
(2018 BN6),2077-2117,22,1.9E-05,10.23,26.8,0.015,-5.8,-6
443104 (2013 XK22),2101-2101,1,1.4E-06,6.9,24.2,0.05,-5.8,-5.8
(2013 NH6),2060-2060,2,1.1E-07,21.74,23.4,0.073,-5.8,-6.05
(2017 VJ),2109-2118,7,1.9E-06,11.52,24.5,0.042,-5.8,-6.07
(2020 KU),2070-2108,20,0.00014,6.92,28.5,0.007,-5.8,-6.08
(2011 AK37),2097-2097,1,2.8E-06,11.87,25.1,0.032,-5.81,-5.81
(2012 VS76),2080-2114,9,1.8E-05,11.47,26.9,0.014,-5.81,-6.16
(2019 FA),2036-2094,15,6.6E-05,5.68,28.7,0.006,-5.81,-6.29
(2020 KC5),2083-2106,3,3.6E-05,8.96,27.3,0.012,-5.81,-5.81
(2007 UN12),2071-2116,34,0.00025,1.57,28.7,0.006,-5.82,-6.65
(2017 YO3),2049-2067,26,4.1E-05,8.31,28.2,0.008,-5.82,-5.89
(2017 MZ8),2023-2119,62,3.2E-08,9.59,22.4,0.112,-5.82,-6.22
(2009 WR52),2031-2113,59,8.4E-05,5.41,28.3,0.007,-5.83,-6.24
(2011 DS),2065-2116,16,2.7E-05,6.54,27,0.013,-5.83,-6.13
(2015 EO),2050-2083,7,7E-06,14.25,26.6,0.016,-5.83,-6.17
(2016 SK2),2073-2082,5,2.2E-06,13.64,25.3,0.029,-5.83,-5.86
(2016 SA2),2110-2119,13,0.00013,5.19,28.1,0.008,-5.83,-6.19
(2010 HP20),2021-2115,631,4.9E-05,7.36,28.2,0.008,-5.84,-6.71
(2011 DV10),2093-2093,1,1.2E-06,16.27,24.8,0.038,-5.84,-5.84
(2015 FA345),2024-2102,17,1.6E-07,9.44,24.1,0.052,-5.84,-5.94
(2020 AW),2044-2118,82,0.00017,4.56,28.7,0.006,-5.84,-6.55
(2017 FN1),2033-2072,7,0.00017,17.92,30.6,0.003,-5.84,-5.94
(2007 XZ9),2068-2089,2,1.1E-06,13.01,24.8,0.037,-5.85,-5.89
(2019 JR2),2079-2118,14,2.2E-05,13.36,27.1,0.013,-5.85,-5.97
(2019 DX),2051-2103,16,1.7E-05,12.39,26.9,0.014,-5.85,-6.14
(2017 HG4),2048-2115,23,3.9E-05,3.71,27.6,0.01,-5.85,-6.55
(2007 UD6),2058-2096,53,8.8E-05,5.99,28.3,0.007,-5.86,-6.42
(2005 SO1),2110-2110,9,3.9E-06,12.02,25.4,0.028,-5.86,-6.37
(2018 BL11),2102-2119,24,8.8E-05,11.29,28.2,0.008,-5.87,-6.1
(2018 RB2),2092-2119,31,3.5E-05,9.05,27.3,0.012,-5.87,-6.25
(2019 GD4),2065-2118,28,5E-05,7.52,27.7,0.01,-5.87,-6.2
(2011 TO),2063-2076,5,6E-06,8.55,26.3,0.019,-5.88,-5.89
(2015 MN11),2081-2081,2,5.1E-07,21.06,24.5,0.042,-5.88,-5.91
(2006 WV29),2036-2108,12,5.7E-06,16.74,26.5,0.017,-5.89,-6.27
(2009 HC),2095-2114,10,2.9E-06,3.72,24.8,0.038,-5.89,-6.24
(2011 CL50),2040-2116,75,5E-05,3.51,27.6,0.01,-5.89,-6.84
(2019 NO2),2102-2117,4,9.6E-05,8.72,28.3,0.008,-5.89,-5.89
(2020 LV),2109-2114,2,5E-06,4.49,25.3,0.03,-5.89,-5.91
(2005 TH50),2031-2101,25,5.5E-05,4.95,28,0.009,-5.9,-6.23
(2013 RO30),2044-2095,10,9.1E-05,9.26,28.4,0.007,-5.9,-6.01
(2006 WZ184),2084-2114,25,9.3E-06,7.26,26.1,0.021,-5.91,-6.7
(2008 EV84),2041-2106,3,7.1E-07,12.93,25.4,0.029,-5.91,-5.91
(2009 TU),2086-2111,7,1.9E-05,15.15,27.4,0.011,-5.91,-6.45
(2016 GK2),2092-2116,9,4.8E-05,9.12,27.8,0.009,-5.91,-6.15
(2017 UC52),2046-2116,43,4E-07,13.63,24.3,0.048,-5.91,-6.49
(2015 TG24),2102-2116,30,1.6E-05,9.84,26.7,0.016,-5.92,-6.82
(2017 AA21),2024-2117,194,2.4E-06,7.82,26,0.021,-5.92,-6.79
(2014 OM207),2089-2101,3,0.00023,8.2,29.1,0.005,-5.93,-5.94
(2018 EB4),2099-2103,2,2.6E-06,13.09,25.4,0.028,-5.94,-5.95
(2007 PR25),2094-2113,3,1.9E-08,29.29,21.9,0.14,-5.95,-6.07
(2004 VZ14),2076-2114,4,1.9E-06,15.26,25.3,0.03,-5.95,-6.38
(2011 CF66),2021-2117,825,1.4E-05,13.01,27.8,0.009,-5.95,-7.13
(2011 BP40),2031-2105,15,1.3E-06,3.48,25.4,0.028,-5.95,-6.3
(2006 BM8),2106-2115,11,2.6E-06,14.79,25.4,0.028,-5.96,-6.14
(2007 EO88),2073-2111,8,8.6E-06,10.95,26.4,0.018,-5.96,-6.47
(2020 FN3),2098-2119,7,1.2E-06,6.74,24.3,0.048,-5.96,-6.16
(2013 GA55),2070-2114,23,4.5E-05,9.34,27.7,0.01,-5.96,-6.12
(2009 TB),2021-2112,38,5.9E-06,10.29,29.2,0.005,-5.96,-6.3
(2017 UE52),2022-2108,55,2.4E-08,11.53,22.9,0.091,-5.96,-6.35
(2017 WL15),2058-2114,15,2.5E-06,17.98,25.8,0.023,-5.96,-6.47
(2020 TF6),2056-2075,6,1.6E-05,12.55,27.6,0.01,-5.96,-6.32
(2009 JL2),2057-2116,12,3.4E-06,12.83,26,0.022,-5.97,-6.46
(2012 PB20),2066-2116,10,2.8E-06,4.03,24.9,0.035,-5.97,-6.58
(2018 EE9),2067-2115,26,6.3E-06,15.96,26.3,0.018,-5.97,-6.12
(2020 DO2),2071-2113,10,6.9E-06,22.34,26.8,0.015,-5.97,-6.37
(2015 ET),2076-2117,11,8.9E-06,11.67,26.7,0.016,-5.99,-6.46
(2016 CY135),2103-2114,5,1.4E-06,6.74,24.4,0.044,-5.99,-6.18
(2013 BR27),2073-2106,40,2.9E-05,10.95,27.7,0.01,-6,-6.45
(2019 SC),2051-2051,1,6.1E-06,14.26,27.2,0.012,-6,-6
(2020 FZ2),2110-2118,3,1.1E-06,22.31,25.1,0.032,-6,-6.24
(2020 AO1),2049-2049,1,9.1E-08,17.02,23.7,0.062,-6.01,-6.01
(2007 TL16),2074-2090,10,5.1E-06,11.43,26.2,0.019,-6.02,-6.11
(2009 HS44),2111-2111,1,6.3E-06,18.29,26.6,0.017,-6.02,-6.02
(2014 GY44),2074-2089,4,1.7E-06,12.31,25.4,0.028,-6.03,-6.28
(2017 WF30),2020-2119,970,2E-06,6.63,26.4,0.018,-6.03,-6.96
(2017 HJ61),2024-2089,9,1E-05,13.44,28.8,0.006,-6.03,-6.06
(2019 BZ),2077-2119,18,2.7E-05,8.62,27.6,0.01,-6.03,-6.24
(2020 TZ3),2072-2072,3,9.2E-07,9.45,24.8,0.037,-6.04,-6.24
(2014 SR261),2058-2115,8,4.6E-06,15.27,26.8,0.015,-6.04,-6.1
(2016 EM156),2108-2116,4,5.7E-05,8.81,27.9,0.009,-6.04,-6.05
(2016 NP56),2024-2113,17,4.5E-06,2.18,26.2,0.019,-6.04,-6.27
(2020 TD8),2045-2096,12,6.8E-06,7.39,27,0.013,-6.05,-6.14
(2019 AH3),2060-2071,4,1.2E-05,18.04,28,0.009,-6.05,-6.17
(2010 TW54),2074-2115,16,3.2E-05,7.78,27.6,0.01,-6.06,-6.1
(2017 RC),2086-2117,26,4.5E-05,9.85,27.9,0.009,-6.06,-6.49
(2016 CG18),2062-2116,40,8.8E-05,4.25,28.5,0.007,-6.06,-6.4
(2012 BA102),2104-2117,7,1.2E-05,7.21,26.5,0.017,-6.07,-6.3
(2014 JV79),2021-2116,168,2.9E-07,11.14,25.2,0.031,-6.07,-6.78
(2016 RP41),2022-2114,48,1.5E-08,8.17,22.5,0.11,-6.07,-6.43
(2020 BJ14),2082-2082,1,5.1E-07,10.6,24.3,0.047,-6.07,-6.07
(2020 RJ2),2061-2119,24,0.00025,3.55,29.2,0.005,-6.07,-6.46
(2016 LG10),2108-2108,4,3.2E-06,8.69,25.5,0.027,-6.08,-6.44
(2009 TD17),2047-2110,55,2.3E-05,6.57,27.7,0.01,-6.09,-6.91
(2012 XM16),2081-2107,4,2.4E-06,12.68,25.8,0.024,-6.09,-6.18
(2019 RT3),2087-2117,5,1.9E-06,7.62,25.2,0.031,-6.09,-6.26
(2019 TK5),2061-2096,19,1.5E-05,5.58,27.4,0.011,-6.09,-6.22
(2013 WZ44),2111-2111,1,3E-06,12.56,25.7,0.025,-6.1,-6.1
(2009 VZ39),2020-2116,899,7E-06,6.34,27.9,0.009,-6.11,-7.43
(2015 TL21),2061-2095,6,3.3E-06,15.23,26.4,0.018,-6.11,-6.56
(2019 BU1),2056-2062,2,2E-06,14.35,26.2,0.02,-6.11,-6.15
(2014 FX32),2076-2108,2,1.1E-06,9.05,25.1,0.033,-6.12,-6.12
(2017 YV8),2078-2117,26,2.3E-05,7.51,27.4,0.011,-6.12,-6.31
(2015 RD36),2099-2099,1,2E-08,36.46,22.6,0.1,-6.12,-6.12
(2007 YS56),2104-2113,3,4.2E-06,9.14,25.8,0.023,-6.13,-6.39
(2008 YV32),2085-2107,12,6.2E-06,8.79,26.4,0.018,-6.13,-6.64
(2010 VO139),2022-2115,217,1.6E-06,20.62,26.6,0.017,-6.13,-7.03
(2014 WA),2049-2049,1,1.8E-05,9.55,28.2,0.008,-6.13,-6.13
(2016 TQ18),2086-2110,3,6.6E-06,9.59,26.3,0.018,-6.13,-6.17
(2020 SW5),2077-2117,27,2.3E-06,15.9,25.8,0.024,-6.14,-6.65
(2008 DA4),2091-2100,2,3.4E-07,11.16,23.9,0.056,-6.15,-6.42
(2015 BE511),2057-2103,5,5.1E-05,9.87,28.7,0.006,-6.15,-6.28
(2019 UL),2088-2117,15,0.00011,4.24,28.7,0.006,-6.15,-6.36
(2018 SD2),2065-2115,33,7.1E-05,2.85,28.4,0.007,-6.15,-6.62
(2001 SB170),2089-2095,2,2.9E-08,22.49,22.4,0.11,-6.16,-6.46
(2009 TM8),2079-2116,168,7.6E-05,7.96,28.6,0.007,-6.16,-7.54
(2007 TX22),2040-2088,57,3.4E-05,8.87,28.4,0.007,-6.16,-6.91
(2010 CS19),2104-2116,7,4.5E-05,6.82,28,0.009,-6.16,-6.21
(2012 CL17),2095-2115,19,1.4E-06,21.48,25.7,0.024,-6.16,-6.66
(2018 BD),2032-2092,8,6.2E-05,8.89,30.2,0.003,-6.16,-6.17
(2013 HT14),2071-2077,3,1.7E-06,20.51,26.3,0.019,-6.17,-6.29
(2011 WN69),2038-2109,3,2.2E-06,23.03,26.2,0.02,-6.17,-6.39
(2017 UP43),2110-2116,5,7.2E-06,7.91,26.4,0.018,-6.18,-6.47
(2017 DA120),2024-2041,4,7E-10,15.51,20.9,0.23,-6.19,-6.33
(2006 SF281),2023-2116,338,1.2E-06,4.55,26.1,0.02,-6.19,-7.7
(2007 VH189),2037-2045,5,2.8E-08,18.48,23.4,0.073,-6.19,-6.63
(2017 SC33),2024-2029,2,3.6E-10,25.18,21.1,0.21,-6.19,-6.29
(2020 BB5),2092-2119,10,0.00025,8.82,29.7,0.004,-6.19,-6.21
(2020 QJ5),2056-2103,9,7.2E-06,9.93,26.8,0.015,-6.19,-6.46
(2001 UD5),2107-2107,1,4.1E-08,16.73,22.4,0.11,-6.21,-6.21
(2002 UV36),2087-2087,1,7E-06,8.06,26.7,0.016,-6.21,-6.21
(2016 AB166),2106-2108,3,3.1E-07,21.61,24.4,0.044,-6.21,-6.33
(2016 AZ193),2020-2114,492,2.2E-06,5.05,26.6,0.016,-6.21,-7.15
(2019 CJ4),2075-2116,11,1.9E-06,10.94,25.4,0.028,-6.21,-6.7
(2017 DW119),2023-2113,34,1.6E-06,8.71,26.6,0.016,-6.21,-6.59
(2020 GE),2089-2114,11,5.6E-05,2.03,28.1,0.008,-6.21,-6.54
(2005 TA),2082-2115,17,2E-05,4.81,27.2,0.012,-6.22,-6.73
(2006 SR131),2060-2116,30,2.8E-05,8.46,28,0.009,-6.22,-6.92
(2017 QM33),2071-2107,12,1.1E-05,17.61,27.8,0.01,-6.22,-6.26
(2017 DG16),2074-2105,29,0.00015,6.48,29.4,0.004,-6.22,-6.29
(2020 OM6),2106-2106,1,1.6E-06,5.05,25,0.034,-6.22,-6.22
(2007 DC),2045-2115,57,1.2E-05,6.75,27.5,0.011,-6.23,-6.98
(2020 TO2),2119-2119,2,6.1E-06,12.56,26.6,0.017,-6.23,-6.43
(2019 MT2),2079-2109,10,5E-06,11.36,26.4,0.018,-6.24,-6.64
(2008 XU2),2039-2039,1,4.8E-07,9.93,25.6,0.026,-6.25,-6.25
(2019 ED1),2070-2103,15,1.4E-05,9.42,27.5,0.011,-6.25,-6.8
(2011 BU59),2089-2118,10,3.6E-06,11.33,26.1,0.02,-6.26,-6.51
(2007 US51),2082-2114,8,8.8E-06,15.26,27.2,0.012,-6.26,-6.38
(2008 EA9),2068-2106,6,2.3E-05,1.24,27.7,0.01,-6.26,-6.67
(2008 KN11),2046-2046,1,3.6E-08,13.83,23.3,0.075,-6.26,-6.26
(2016 JA6),2081-2117,7,4.2E-06,11.34,26.4,0.018,-6.26,-6.48
(2017 TW5),2072-2115,5,4.9E-06,15.26,27.1,0.013,-6.26,-6.33
(2020 HF),2067-2117,9,1.6E-06,7.78,25.2,0.031,-6.26,-6.75
(2006 DN),2056-2056,1,3.6E-07,4,24.5,0.043,-6.27,-6.27
(2003 WT153),2044-2108,57,2.7E-05,4.33,28.1,0.008,-6.28,-6.92
(2019 FE),2095-2118,2,4E-07,9.93,24.2,0.05,-6.28,-6.45
(2015 UR67),2091-2091,1,3.2E-06,11.63,26.3,0.019,-6.28,-6.28
(2018 FL29),2026-2116,266,8.5E-05,11.93,30.1,0.003,-6.28,-6.63
(2018 LB),2092-2116,11,3.6E-06,7.43,26,0.022,-6.28,-6.8
(2017 SU17),2069-2117,34,2.8E-05,8.32,28,0.008,-6.29,-6.83
(2008 LD),2049-2116,56,9.3E-05,4.13,28.9,0.006,-6.29,-7.1
(2016 EP84),2092-2106,3,1.9E-05,2.33,27.4,0.011,-6.29,-6.35
(2019 NP5),2106-2116,7,2.6E-05,5.07,27.6,0.01,-6.29,-6.67
(2020 CQ),2051-2112,5,4E-06,15.25,27,0.013,-6.29,-6.5
(2004 BN41),2086-2116,3,2.5E-06,7.76,25.8,0.024,-6.3,-6.59
(2008 VL),2021-2116,632,1.2E-05,9.55,28,0.009,-6.3,-7.33
(2020 UK2),2089-2109,6,9.3E-06,7.61,27,0.013,-6.3,-6.7
(2010 TD),2072-2091,5,2.7E-06,18.86,26.9,0.014,-6.31,-6.66
(2020 QF1),2102-2102,1,4E-05,12.42,28.6,0.006,-6.31,-6.31
(2018 YW2),2069-2069,1,2.2E-07,7.45,24,0.053,-6.32,-6.32
(2015 XR169),2050-2119,146,5.2E-05,9.52,28.8,0.006,-6.33,-7.33
(2020 UH),2098-2119,3,4.7E-07,11.21,24.4,0.045,-6.33,-6.52
(2020 HN),2055-2119,19,3.2E-05,3.44,28.6,0.006,-6.34,-6.55
(2011 UC64),2093-2115,28,1.7E-05,14.05,27.9,0.009,-6.35,-7.01
(2018 VC),2109-2115,5,5.4E-06,4.96,26.3,0.019,-6.35,-6.45
(2018 DZ3),2068-2113,3,4.1E-06,10.03,26.4,0.018,-6.35,-6.43
(2017 WE29),2024-2117,115,1E-06,10.68,25.9,0.022,-6.35,-7.22
(2018 XR4),2062-2114,5,3.6E-06,11.81,26.8,0.015,-6.35,-6.55
(2008 VM),2020-2031,2,3.6E-05,10.26,30.2,0.003,-6.36,-6.36
(2013 AB65),2094-2116,11,6.1E-06,24.42,27.6,0.01,-6.36,-6.52
(2015 XX378),2118-2118,1,4.9E-07,15.7,24.7,0.038,-6.36,-6.36
(2016 TQ2),2110-2115,7,3.1E-06,15.21,26.4,0.017,-6.36,-6.68
(2018 CA15),2028-2115,23,4.7E-07,8.37,26,0.022,-6.36,-6.76
(2017 TA5),2081-2117,17,9.4E-06,10.73,27.3,0.012,-6.36,-6.9
(1998 DK36),2027-2100,17,5.6E-07,6.19,25,0.034,-6.37,-6.4
(2004 XB45),2035-2066,2,4.1E-07,17.02,26.3,0.019,-6.37,-6.37
(2001 HJ31),2116-2116,1,1.9E-07,11.49,23.6,0.063,-6.37,-6.37
(2010 CA),2022-2022,1,7.4E-09,14.7,24.4,0.044,-6.37,-6.37
(2010 LJ68),2025-2106,17,1.5E-08,9.67,23.1,0.082,-6.37,-6.5
(2013 AG69),2119-2119,2,7.2E-06,17.35,27.3,0.012,-6.37,-6.51
(2015 HQ182),2020-2114,188,1.6E-07,6.61,25,0.034,-6.37,-6.62
(2020 BH),2104-2120,5,4.6E-05,3.08,28.3,0.008,-6.37,-6.54
(2019 AB),2073-2113,5,3.3E-06,9.92,26.2,0.019,-6.37,-6.44
(2020 UJ),2043-2043,1,6.1E-08,14.8,24.1,0.051,-6.37,-6.37
(2011 QF48),2067-2067,2,3.1E-07,19.92,25.3,0.03,-6.38,-6.52
(2008 UY91),2022-2116,45,6E-08,15.12,24.9,0.036,-6.39,-6.71
(2018 VT5),2085-2117,39,3.6E-05,9.55,28.4,0.007,-6.39,-6.71
(2010 UC7),2112-2112,7,5.1E-07,13.28,24.7,0.038,-6.39,-6.95
(2020 FD),2027-2107,23,2.6E-06,15.41,27.6,0.01,-6.39,-6.95
(2009 FP32),2073-2117,16,1E-05,15.04,27.8,0.01,-6.4,-7.01
(2011 YQ1),2113-2113,1,1.4E-06,11.65,25.6,0.026,-6.41,-6.41
(2016 WY),2084-2114,12,0.00011,3.23,29.2,0.005,-6.41,-6.56
(2016 XL23),2080-2098,3,6.1E-05,9.95,29.3,0.005,-6.41,-6.42
(2013 YB),2022-2063,26,7.5E-05,8.95,31.4,0.002,-6.42,-6.79
(2014 OX3),2116-2116,1,1.4E-05,12.79,27.7,0.01,-6.42,-6.42
(2014 CH13),2024-2116,134,1.3E-07,5.1,24.3,0.047,-6.42,-6.8
(2004 RU109),2038-2053,5,8.4E-07,12.93,26.5,0.017,-6.43,-6.77
(2006 GU2),2022-2116,47,1.5E-05,7.31,27.8,0.009,-6.43,-7.22
(2011 UL169),2057-2066,5,1.3E-05,9.35,28.3,0.007,-6.43,-6.48
(2012 UU158),2042-2078,5,2.9E-06,12.27,26.9,0.014,-6.43,-6.48
(2019 KL),2047-2085,6,1E-06,14.2,26.4,0.017,-6.43,-6.64
(2018 LR3),2077-2100,3,3E-06,4.17,26.3,0.019,-6.43,-6.59
(2019 UE4),2064-2119,18,1.1E-05,11.58,27.7,0.01,-6.44,-6.93
(2019 TC2),2097-2119,38,1.7E-05,11.14,27.8,0.009,-6.44,-7.21
(2019 QS),2096-2096,1,2.2E-07,21.59,24.8,0.037,-6.45,-6.45
(2010 VP139),2020-2116,382,1.4E-05,2.65,28.6,0.007,-6.45,-7.52
(2017 WE28),2039-2078,11,2E-06,8.79,26.7,0.015,-6.45,-6.68
(2008 GM2),2090-2117,46,3.8E-05,4.62,28.4,0.007,-6.46,-7
(2019 GK21),2099-2103,2,1.3E-06,9.23,25.6,0.026,-6.46,-6.53
(2017 FW90),2101-2118,5,3.5E-05,4.17,28.1,0.008,-6.46,-6.52
(2008 SH148),2022-2116,159,9.2E-07,9.21,26.1,0.02,-6.48,-7.39
(2009 EW),2075-2081,4,1.7E-06,12.82,26.4,0.018,-6.48,-6.65
(2018 FE3),2090-2118,2,1.1E-05,6.05,27.2,0.012,-6.48,-6.48
(2014 SR223),2063-2063,1,1.5E-06,15.23,26.7,0.015,-6.49,-6.49
(2017 AT20),2039-2116,231,5.3E-06,7.65,27.1,0.013,-6.49,-6.95
(2014 XM7),2115-2115,1,6.2E-08,11.49,22.9,0.09,-6.49,-6.49
(2010 FD),2085-2104,2,1.5E-06,9.79,26,0.021,-6.5,-6.54
(2017 UK3),2115-2115,3,6.1E-06,13.37,27.2,0.012,-6.5,-6.69
(2010 FN),2079-2116,10,3.9E-06,6.79,26.6,0.016,-6.51,-6.97
(2010 NN),2049-2116,45,2.1E-05,7.73,28.4,0.007,-6.51,-6.95
(2012 CU),2040-2100,5,1.2E-06,10.94,26,0.021,-6.51,-6.91
(2013 PG10),2056-2113,8,8.6E-06,6.87,27.7,0.01,-6.51,-6.61
(2015 EG7),2065-2115,12,5.7E-06,12.79,27.4,0.011,-6.51,-6.57
(2020 MP1),2105-2105,2,2.2E-06,7.83,26.1,0.021,-6.51,-6.61
(2008 UA202),2050-2108,72,8.1E-05,2.3,29.4,0.004,-6.52,-7.33
(2009 WW7),2050-2116,23,4.5E-05,8.19,28.9,0.006,-6.52,-6.96
(2015 QS8),2116-2116,1,4.2E-06,8.04,26.5,0.017,-6.52,-6.52
(2012 KP24),2032-2032,1,3.4E-07,12.74,26.4,0.017,-6.52,-6.52
(2008 TS10),2068-2116,21,4.7E-05,3.18,28.8,0.006,-6.53,-7.37
(2010 NH),2089-2092,2,1E-06,10.29,25.7,0.025,-6.53,-6.58
(2011 YC63),2034-2048,4,4.5E-06,18.83,29,0.005,-6.53,-6.54
(2012 EP10),2056-2117,39,7.7E-05,2.79,29.2,0.005,-6.53,-6.76
(2017 QU34),2083-2111,10,1.2E-05,14.49,28.3,0.007,-6.53,-6.76
(2020 SP),2079-2117,14,7.8E-06,3.72,27,0.013,-6.54,-6.89
(2018 LM),2112-2116,3,1.1E-06,4.88,25.2,0.03,-6.54,-6.82
(2018 JL1),2112-2118,4,5.4E-06,6.17,26.7,0.015,-6.54,-6.72
(2018 RF5),2103-2115,3,8.4E-06,8.33,27.4,0.011,-6.54,-6.64
(2020 FA1),2116-2119,4,4.3E-06,2.23,26.3,0.018,-6.55,-6.59
(2009 WQ25),2094-2094,1,9.3E-08,16.94,23.9,0.055,-6.55,-6.55
(2017 RN16),2076-2117,30,5.4E-05,8.13,29.1,0.005,-6.55,-6.69
(2007 SN6),2022-2059,2,1.1E-07,18.32,25,0.033,-6.56,-6.69
(2010 TN55),2086-2117,15,1.8E-06,25.32,27,0.013,-6.57,-7.28
(2009 YR),2060-2087,8,1.1E-05,3.12,28,0.009,-6.58,-6.9
(2018 DN4),2023-2094,9,3.6E-07,19.54,28.2,0.008,-6.58,-6.61
(2005 BS1),2024-2041,3,2.8E-07,12.35,27.3,0.012,-6.59,-6.66
(2017 TB),2054-2117,54,5.1E-05,5.79,29.1,0.005,-6.59,-7.21
(2020 OB),2114-2119,3,4.6E-08,25.62,23.7,0.063,-6.59,-6.66
(2005 GQ33),2023-2110,24,2.8E-08,20.92,23.7,0.063,-6.6,-7.36
(2017 UA45),2099-2112,5,2E-06,5.42,25.9,0.022,-6.6,-6.72
(2016 XP23),2110-2110,1,6.4E-10,24.85,19.8,0.37,-6.61,-6.61
410777 (2009 FD),2190-2190,1,1.5E-08,15.88,22,0.16,-6.61,-6.61
(2019 BO),2055-2095,19,1.2E-05,7.27,28.1,0.008,-6.61,-7.21
(1997 UA11),2073-2073,1,2.9E-07,11.96,25.1,0.032,-6.62,-6.62
(2003 UQ25),2093-2093,1,9.4E-08,18.01,24.2,0.049,-6.62,-6.62
(2015 CL13),2090-2106,4,6.5E-07,13.7,25.7,0.025,-6.62,-7
(2020 UX),2046-2114,35,0.0002,8.44,31.1,0.002,-6.63,-6.84
(2010 XQ),2021-2116,69,2.1E-07,9.79,25.2,0.031,-6.63,-7.31
(2008 OO1),2107-2107,1,2.3E-07,12.96,24.6,0.041,-6.64,-6.64
(2011 AZ36),2026-2116,176,4.1E-07,7.61,25.1,0.032,-6.64,-8.01
(2019 YM),2041-2117,2,8.7E-07,17.76,26,0.022,-6.64,-6.64
(2020 PU3),2096-2120,14,4E-06,9.54,26.8,0.015,-6.64,-6.89
(2015 UH52),2075-2101,2,9.5E-07,11.19,26,0.022,-6.65,-6.94
(2018 QE),2036-2117,13,1.1E-05,4.18,27.8,0.009,-6.65,-7.2
(2008 BC15),2072-2094,2,9.2E-07,20.66,26.6,0.016,-6.66,-6.89
(2010 JH80),2082-2082,1,6.3E-08,26.9,24.5,0.042,-6.66,-6.66
(2013 TV132),2099-2115,6,2.6E-06,9.16,26.5,0.017,-6.66,-7.03
(2019 NF7),2072-2080,2,9.6E-06,9.27,28.1,0.008,-6.66,-6.67
(2015 WP2),2080-2116,22,7.6E-05,12.62,30.1,0.003,-6.66,-7.04
(2020 PU1),2047-2070,3,1.3E-06,7.77,26.5,0.017,-6.66,-7.02
(2019 PG),2115-2115,1,1.1E-06,7.19,25.6,0.026,-6.67,-6.67
(2014 MB6),2052-2075,2,8.1E-07,13.07,26.2,0.019,-6.68,-6.68
(1993 UA),2111-2111,2,7.1E-07,9.4,25.4,0.028,-6.69,-6.85
(1997 TC25),2096-2096,1,2.6E-07,9.89,24.7,0.039,-6.69,-6.69
(2006 BF56),2092-2117,19,2.3E-05,26.15,29.6,0.004,-6.69,-7.2
(2019 PO1),2084-2117,16,1.5E-05,1.96,27.9,0.009,-6.69,-7.19
(2006 WM3),2113-2113,1,5.8E-08,10.41,23.2,0.078,-6.69,-6.69
(2017 RP16),2065-2112,10,3.5E-06,10.33,27.2,0.012,-6.69,-7.07
(2020 PC),2074-2074,1,1.1E-05,1.46,28,0.009,-6.69,-6.69
(2012 BP123),2021-2117,306,1.3E-06,4.85,27.1,0.013,-6.7,-7.31
(2020 OX5),2033-2063,4,1.3E-06,8.88,26.9,0.014,-6.7,-6.9
(2005 UL6),2068-2068,2,1.1E-07,12.04,24.5,0.042,-6.71,-6.91
(2016 CH30),2100-2118,5,1.1E-05,5.46,27.8,0.009,-6.71,-6.76
(2020 CK2),2057-2118,44,5E-05,5.18,29.3,0.005,-6.71,-7.53
(2007 CS5),2096-2110,4,3.1E-07,4.99,24.5,0.042,-6.72,-7.13
(2018 VP6),2088-2088,2,2.8E-06,12.06,27.2,0.013,-6.72,-6.96
(2020 SY4),2061-2113,4,2.9E-06,15.95,27.4,0.011,-6.73,-6.82
(2017 RK2),2083-2083,1,8.6E-06,7.3,28,0.009,-6.74,-6.74
(2013 PS13),2096-2096,1,2.4E-06,17.26,27.3,0.012,-6.74,-6.74
(2019 CM5),2046-2099,6,8E-06,5.4,27.9,0.009,-6.74,-7.35
(2015 GB1),2031-2090,4,9.2E-07,7.35,26.6,0.016,-6.74,-7.16
(2020 TD7),2054-2113,9,2.8E-06,9.11,26.8,0.015,-6.74,-7.21
(2018 LT5),2025-2083,5,1.3E-07,19.04,25,0.034,-6.75,-6.86
(2010 UR7),2079-2086,3,2.8E-06,13.33,27.4,0.011,-6.75,-7.07
(2014 FE),2034-2081,11,1.6E-06,19.91,27.6,0.01,-6.75,-7.32
(2020 GZ1),2040-2040,1,8.2E-08,28.24,26,0.021,-6.75,-6.75
(2007 UT3),2054-2116,8,5.1E-07,9.05,25.7,0.024,-6.76,-7.12
(2019 NX5),2067-2115,15,3.4E-05,1.79,29.1,0.005,-6.76,-6.86
(2016 FZ13),2108-2117,6,2E-05,4.3,28.3,0.007,-6.76,-7.12
(2017 HJ),2070-2117,20,3.4E-06,14.83,27.5,0.011,-6.76,-7.55
(2017 UK52),2021-2117,235,5.3E-07,13.89,26.9,0.015,-6.76,-7.34
(2018 RQ4),2088-2111,10,3.3E-06,6.77,26.9,0.014,-6.76,-7.13
(2018 AU18),2046-2114,12,2.4E-06,9.6,27.4,0.011,-6.77,-6.92
(2016 EV84),2056-2096,4,1.9E-06,7.41,26.8,0.015,-6.77,-6.87
(2018 WJ),2045-2072,4,1.2E-06,19.01,27.6,0.01,-6.78,-7.14
(2004 DA53),2111-2112,3,9E-06,9.35,27.9,0.009,-6.79,-6.86
(2013 NE24),2059-2112,9,3.4E-06,10.73,27.4,0.011,-6.79,-7.15
(2019 VH),2065-2109,17,5.4E-06,8.22,27.7,0.01,-6.79,-7.3
(2019 VD),2087-2105,9,4E-06,11.19,27.4,0.011,-6.79,-7.34
(2020 BH3),2059-2104,6,1.1E-06,7.12,26.1,0.021,-6.79,-7.24
(2014 HY198),2041-2116,240,4.4E-05,6.53,29.6,0.004,-6.8,-7.36
(2014 TL),2072-2114,8,6.3E-06,10.72,27.8,0.009,-6.8,-6.98
(2016 PR66),2026-2113,23,1.2E-08,10.32,23.3,0.075,-6.8,-7.24
(2002 XV90),2101-2114,7,4.8E-07,7.63,25.2,0.031,-6.81,-7.06
(2020 TK3),2063-2114,8,3.9E-06,11.22,27.4,0.011,-6.81,-7.36
(2007 EZ25),2087-2087,2,2.1E-07,20.74,25.6,0.026,-6.82,-7.07
(2010 RM80),2085-2116,21,1.1E-05,5.36,27.9,0.009,-6.82,-7.32
(2018 BC),2083-2109,22,5.4E-05,2.04,29.4,0.004,-6.82,-7.7
(2020 CF2),2072-2116,12,7.9E-06,3.18,27.6,0.01,-6.82,-7.2
(2020 PJ6),2076-2101,6,6.2E-07,2.26,25.6,0.026,-6.82,-7
(2009 ST171),2066-2066,1,1.2E-06,9.83,26.8,0.015,-6.83,-6.83
(2006 QK33),2116-2116,1,5.7E-08,12.46,23.6,0.065,-6.83,-6.83
(2019 FU1),2090-2109,5,1.6E-06,19.8,27.3,0.012,-6.83,-6.97
(2020 HW7),2044-2090,5,1.3E-06,8.75,27.2,0.012,-6.83,-6.91
(2008 XK),2020-2101,87,4.1E-07,12.04,27.2,0.012,-6.84,-7.12
(2011 YC40),2028-2050,7,5.7E-06,10.92,29.7,0.004,-6.84,-6.89
(2015 XP),2067-2067,1,4.1E-07,8.23,25.8,0.024,-6.84,-6.84
(2016 VA18),2022-2116,500,2.5E-06,8.67,28.5,0.007,-6.85,-7.27
(2017 DB120),2053-2103,7,1.2E-08,14.59,23,0.086,-6.86,-7.09
(2015 BY3),2033-2085,10,1E-06,16.59,27.5,0.011,-6.86,-7.32
(2019 GP21),2039-2119,98,3.5E-05,10.8,29.7,0.004,-6.86,-7.58
(2020 SN6),2048-2118,80,1.6E-05,5.52,28.8,0.006,-6.86,-7.83
(2017 UM52),2039-2117,146,2.7E-05,2.45,29.5,0.004,-6.86,-7.53
(2020 QC),2038-2041,2,5.6E-07,18.75,27.5,0.011,-6.86,-6.98
(2011 CF22),2030-2117,168,5.1E-05,18.8,30.9,0.002,-6.87,-7.63
(2014 LJ),2055-2116,40,1.5E-05,3.61,28.5,0.007,-6.87,-7.79
(2015 FF36),2059-2077,7,9.5E-07,8.85,26.5,0.017,-6.87,-7.13
(2006 UC64),2069-2085,4,8.7E-08,20.09,25,0.034,-6.87,-7.18
(2018 BP6),2074-2074,1,7.3E-08,14.22,24.6,0.042,-6.88,-6.88
(2016 JN38),2039-2116,101,6.5E-06,19.52,29.1,0.005,-6.88,-7.77
(2016 JB29),2090-2090,1,1.7E-07,8.56,24.7,0.039,-6.88,-6.88
(2016 SU2),2102-2115,12,4.4E-06,12.73,27.7,0.01,-6.88,-7.26
(2017 HZ4),2091-2106,2,8.2E-07,5.91,25.9,0.023,-6.88,-7.16
(2020 DG4),2093-2120,15,1E-05,6.89,28.2,0.008,-6.88,-7.37
(2020 GY2),2093-2093,1,3.3E-08,15.69,23.6,0.064,-6.88,-6.88
(2006 UQ216),2061-2116,7,4.3E-06,3.73,27.3,0.012,-6.89,-7.17
(2017 BG92),2072-2118,6,1.3E-05,5.33,28.7,0.006,-6.89,-6.98
(2007 EN88),2094-2104,3,1E-06,12.16,26.4,0.017,-6.9,-7.06
(2013 UR1),2050-2060,4,8.5E-07,21.69,27.8,0.009,-6.91,-6.97
(2019 QE7),2097-2119,8,1.7E-06,10.17,26.7,0.015,-6.91,-7.29
(2013 QM48),2071-2116,19,3.8E-06,7.47,27.4,0.011,-6.92,-7.62
(2014 CE),2111-2117,4,2E-06,13.02,27,0.013,-6.92,-7.09
(2019 DG1),2118-2118,1,2.1E-06,7.29,26.7,0.016,-6.92,-6.92
(2015 VP64),2087-2087,2,3.5E-06,20.96,28.3,0.007,-6.92,-6.92
(2014 QN266),2078-2078,1,9E-07,2.85,26.2,0.019,-6.93,-6.93
(2008 WO2),2065-2111,9,4.9E-05,6.11,29.8,0.004,-6.94,-7.3
(2018 FY2),2046-2102,4,1.8E-07,19.37,25.7,0.024,-6.94,-7.22
(2012 CR),2025-2025,1,1.2E-10,14.18,21,0.21,-6.95,-6.95
(2017 QT1),2050-2069,3,3.1E-07,20.02,26.8,0.015,-6.95,-7.03
(2018 PU23),2072-2097,4,8E-06,1.77,28.1,0.008,-6.96,-7.36
(2013 BR15),2100-2110,3,1.6E-07,14.08,25.1,0.032,-6.97,-7.11
(2015 VK1),2103-2109,2,7.7E-07,14.73,26.5,0.017,-6.97,-7.13
(2012 BW13),2086-2111,8,2E-06,11.68,27.2,0.012,-6.98,-7.35
(2010 WW8),2020-2112,82,1.4E-07,5.23,26.4,0.018,-6.99,-7.43
(2014 HD198),2025-2115,78,6.7E-06,17.34,29.6,0.004,-7,-7.45
(2013 RR43),2050-2057,2,6E-08,18.99,25.4,0.028,-7,-7.08
(2019 NK1),2089-2118,49,6.3E-05,8.05,30.1,0.003,-7.01,-7.46
(2018 FQ3),2070-2114,14,9.6E-06,10.84,28.6,0.006,-7.01,-7.53
(2020 QN4),2065-2117,24,1.1E-05,7.53,28.6,0.006,-7.01,-7.8
(2000 SZ162),2070-2109,6,1.9E-06,4.16,27.1,0.013,-7.02,-7.37
(2020 QN1),2119-2119,1,3.3E-08,7.46,23.1,0.08,-7.02,-7.02
(2017 KQ27),2117-2117,1,4.7E-07,10.96,25.8,0.023,-7.03,-7.03
(2006 HE2),2081-2103,3,1.1E-06,5.03,26.5,0.017,-7.04,-7.29
(2016 TT),2084-2095,4,4E-07,11.56,26,0.021,-7.04,-7.41
(2006 YE),2082-2095,4,2.4E-06,6.01,27.3,0.012,-7.05,-7.33
(2017 RJ2),2108-2111,7,1.9E-06,15.86,27.5,0.011,-7.05,-7.36
(2019 WU),2058-2112,10,1.6E-06,10.08,27,0.013,-7.05,-7.58
(2017 VV12),2062-2116,10,4.4E-06,6.29,28,0.009,-7.05,-7.31
(2005 VP),2053-2103,20,1E-07,12.83,25.5,0.027,-7.06,-7.52
(2018 VC7),2068-2117,25,3.2E-06,4.23,27.4,0.011,-7.06,-7.82
(2020 SN5),2043-2109,6,1.4E-06,13.28,28.2,0.008,-7.06,-7.08
(2017 SS12),2074-2089,5,1.4E-06,10.09,27.1,0.013,-7.06,-7.41
(2008 HC38),2029-2029,1,4.4E-08,14.05,26.1,0.02,-7.07,-7.07
(2003 YS70),2107-2116,2,1.7E-05,3.16,28.8,0.006,-7.09,-7.24
(2016 WT),2072-2119,34,3.1E-05,10.71,29.8,0.004,-7.09,-7.9
(2014 HR197),2020-2112,191,7.5E-08,16.97,26.9,0.014,-7.09,-8.01
(2013 XU21),2055-2055,1,2.3E-07,11.04,26.2,0.02,-7.09,-7.09
(2016 GU2),2113-2113,1,1.2E-08,39.17,24.1,0.052,-7.09,-7.09
(2020 DN3),2107-2119,7,9.8E-07,13.9,26.8,0.015,-7.09,-7.63
(2005 UA1),2036-2036,1,9.1E-08,14.68,26.4,0.018,-7.1,-7.1
(2016 WU),2089-2109,3,2.6E-06,7.05,27.3,0.012,-7.1,-7.1
(2015 YM1),2096-2115,5,6.9E-06,6.81,28.4,0.007,-7.12,-7.22
(2014 HE199),2039-2039,1,2.4E-08,14.5,25,0.033,-7.14,-7.14
(2018 PA25),2029-2118,15,2.6E-08,15.29,24.9,0.036,-7.14,-7.33
(2016 AU193),2109-2109,1,9.4E-08,21.77,25.3,0.03,-7.14,-7.14
(2018 EV3),2081-2113,4,9.4E-07,12.58,27.1,0.013,-7.14,-7.26
(2019 SG1),2064-2064,1,8.6E-07,16.72,27.7,0.01,-7.14,-7.14
(2008 US),2021-2069,24,3.1E-06,18.54,31.4,0.002,-7.15,-7.37
(2020 TS1),2110-2120,9,2.1E-05,3.52,29.1,0.005,-7.15,-7.8
(2008 UA92),2078-2078,1,1.3E-06,8.38,27.3,0.012,-7.16,-7.16
(2006 UJ185),2052-2116,8,2.1E-06,15.45,27.9,0.009,-7.16,-7.52
(2016 TQ54),2096-2113,7,1.7E-06,9,27.3,0.012,-7.16,-7.67
(2018 WH1),2076-2111,13,9.9E-06,4.01,28.5,0.007,-7.17,-7.74
(2010 CK19),2089-2116,7,4.4E-06,5.01,27.9,0.009,-7.17,-7.73
(2011 FA23),2025-2102,6,3.6E-06,14.34,28.9,0.006,-7.17,-7.34
(2019 KT),2110-2110,3,6.8E-07,11.7,26.6,0.017,-7.17,-7.46
(2010 VN1),2050-2066,5,1.9E-06,10.98,28.3,0.007,-7.2,-7.42
(2012 SU9),2084-2111,6,1.4E-06,10.85,27.2,0.012,-7.2,-7.38
(2018 TS6),2064-2117,19,5.2E-06,7.41,28.2,0.008,-7.2,-7.4
(2019 FB1),2113-2117,2,3.2E-06,7.97,27.7,0.01,-7.2,-7.37
(2011 SE58),2042-2055,3,5.8E-07,15.69,27.6,0.01,-7.21,-7.35
(2018 GG4),2058-2070,2,1.4E-07,16.68,26.2,0.019,-7.21,-7.43
(2019 QU3),2113-2117,2,1.1E-05,6.47,28.7,0.006,-7.21,-7.21
(2014 KC45),2066-2110,20,1.2E-05,8.91,29.4,0.004,-7.22,-7.68
(2019 VE4),2072-2119,6,3E-06,8.82,27.9,0.009,-7.22,-7.46
(2016 EG28),2079-2108,6,1.8E-06,14.66,27.8,0.009,-7.22,-7.45
(2018 FK5),2087-2110,2,3.7E-06,11.28,28.3,0.007,-7.22,-7.5
(2017 FC1),2064-2064,1,2.3E-07,8.28,26.1,0.02,-7.23,-7.23
(2017 RX17),2029-2116,43,3.3E-07,7.54,26.9,0.014,-7.23,-7.92
(2006 DO62),2036-2095,13,1.8E-06,11.3,28.3,0.008,-7.24,-7.66
(2008 YD3),2021-2110,30,1.1E-07,7.96,26,0.021,-7.24,-7.67
(2014 HJ197),2045-2117,32,2.4E-05,4.48,30.3,0.003,-7.24,-7.75
(2017 KC36),2037-2061,3,6.5E-07,11.93,27.4,0.011,-7.24,-7.29
(2004 XG29),2112-2114,2,2.5E-07,5.1,25.4,0.029,-7.25,-7.38
(2016 TC57),2112-2112,1,1.2E-06,8.74,27.1,0.013,-7.26,-7.26
(2002 EM7),2117-2117,2,6.1E-08,10.28,24.4,0.045,-7.26,-7.27
(2019 BX1),2058-2115,3,3.1E-06,3.96,28.1,0.008,-7.27,-7.53
(2018 WA1),2082-2117,24,4.1E-05,3.05,30,0.003,-7.27,-7.91
(2017 BK30),2085-2085,2,9E-07,9.95,27.2,0.012,-7.28,-7.53
(2015 HO182),2046-2113,6,2.6E-07,10.92,26.4,0.018,-7.28,-7.6
(2016 BQ15),2072-2098,2,4.1E-08,21.04,25.1,0.032,-7.28,-7.46
(2018 WA3),2055-2060,2,6.4E-07,16.37,27.9,0.009,-7.28,-7.29
(2020 PX5),2086-2118,13,1.8E-05,10.06,29.6,0.004,-7.29,-7.6
(2008 BN16),2083-2083,1,1.1E-07,18.62,25.9,0.022,-7.3,-7.3
(2016 LE10),2035-2072,3,4E-07,12.63,27.1,0.013,-7.31,-7.53
(2018 DB),2068-2119,3,1.2E-06,16.13,27.6,0.01,-7.31,-7.37
(2001 YN2),2020-2020,1,5.7E-10,18.49,24.9,0.035,-7.32,-7.32
(2012 TU231),2111-2111,1,3.8E-07,9.97,26.2,0.02,-7.32,-7.32
(2014 WE6),2104-2109,5,4.7E-05,4.42,30.3,0.003,-7.32,-7.61
(2016 WN7),2095-2095,1,2.6E-06,6.16,27.9,0.009,-7.32,-7.32
(2017 TT3),2059-2108,2,1.3E-07,8.67,25.6,0.025,-7.32,-7.52
(2008 KT),2091-2116,9,5.3E-06,2.99,28.2,0.008,-7.33,-7.51
(2010 XP),2021-2116,73,1.4E-07,8.25,26.8,0.015,-7.34,-7.76
(2011 UD21),2116-2116,1,7.4E-06,1.32,28.5,0.007,-7.34,-7.34
(2016 VZ17),2021-2116,179,4.1E-07,9.72,27.4,0.011,-7.34,-8.26
(2019 AK12),2113-2119,3,1.1E-06,15.17,27.5,0.011,-7.34,-7.69
(2010 XC),2021-2111,324,2.9E-06,3.93,29.1,0.005,-7.35,-8.24
(2016 TH),2072-2115,26,9.3E-06,7.41,29.4,0.004,-7.36,-7.56
(2018 RJ3),2070-2070,1,1.3E-06,8.13,27.8,0.009,-7.36,-7.36
(2011 EM40),2054-2113,12,1.4E-06,10.7,28,0.009,-7.37,-7.97
(2013 JM22),2095-2095,1,3.2E-09,29.67,23.3,0.075,-7.37,-7.37
(2018 WE),2057-2097,8,1.4E-06,12.75,28.3,0.007,-7.38,-7.64
(2011 AZ22),2034-2114,8,1.1E-06,12.52,28.6,0.006,-7.38,-7.47
(2019 UB8),2053-2118,13,4.3E-06,10.34,28.9,0.005,-7.38,-7.84
(2017 DP109),2086-2086,2,4.3E-07,12.33,26.9,0.014,-7.38,-7.56
(1993 HP1),2065-2112,4,4.5E-07,9.84,26.9,0.014,-7.39,-7.6
(2006 WK130),2103-2103,1,2E-09,20.74,22.4,0.11,-7.39,-7.39
(2007 EE126),2065-2092,3,3.2E-08,31.6,25.6,0.026,-7.39,-7.61
(2009 WJ6),2049-2056,2,3E-07,18.16,27.6,0.01,-7.39,-7.41
(2015 VL64),2085-2109,8,3E-06,8.68,28.3,0.007,-7.39,-7.96
(2008 CJ),2061-2106,2,1.1E-06,8.06,27.3,0.012,-7.4,-7.41
(2016 WR55),2100-2115,13,2.5E-06,14.12,28.3,0.007,-7.4,-7.73
(2019 LA2),2103-2116,5,3.7E-07,14.47,26.6,0.016,-7.4,-7.54
(2020 QR5),2103-2115,7,1.3E-06,6.79,27.3,0.012,-7.4,-7.55
(2001 SD286),2080-2080,1,5.7E-08,12.56,25.2,0.03,-7.41,-7.41
(2019 WV1),2078-2117,14,2.8E-06,8.74,28.2,0.008,-7.41,-7.85
(2014 EU),2080-2117,5,1.9E-06,5.63,27.7,0.01,-7.41,-7.72
(2009 WZ53),2025-2104,7,1E-08,18.98,24.1,0.052,-7.41,-7.85
(2016 FV7),2083-2083,1,1.7E-09,32.99,23.1,0.082,-7.41,-7.41
(2017 WY27),2045-2116,13,2.1E-06,8.1,27.9,0.009,-7.41,-8.02
(2015 VO142),2065-2118,10,6.9E-06,2.8,29,0.005,-7.42,-7.69
(2019 RQ2),2105-2105,1,8.3E-08,15.12,25.4,0.028,-7.42,-7.42
(2016 QY84),2022-2119,582,2.4E-05,3.21,31.4,0.002,-7.42,-8.32
(2018 RR1),2083-2118,15,2.4E-05,4.41,29.9,0.004,-7.42,-7.53
(2020 BM6),2119-2119,1,1.3E-08,11.48,23.4,0.072,-7.42,-7.42
(2008 CB6),2083-2105,3,7.2E-07,7.43,27.1,0.013,-7.43,-7.51
(2011 AD3),2027-2116,74,1.6E-07,12.63,26.6,0.017,-7.44,-8.26
(2011 UR63),2110-2110,2,1.4E-07,12.57,25.7,0.024,-7.44,-7.55
(2014 KS76),2089-2107,3,4.4E-07,7.18,26.6,0.016,-7.44,-7.6
(2020 AC1),2093-2117,9,4.2E-06,6.25,28.4,0.007,-7.44,-8
(2018 LV3),2061-2061,1,1.7E-07,11.19,26.6,0.017,-7.44,-7.44
(2015 VN64),2088-2094,3,6.2E-07,15.86,27.5,0.01,-7.45,-7.72
(2004 FY3),2104-2116,2,7.5E-08,11.79,25.1,0.032,-7.46,-7.5
(2012 HE31),2094-2117,2,1.7E-07,10.6,26,0.022,-7.47,-7.52
(2013 GW38),2070-2118,10,2.1E-06,10.27,28.4,0.007,-7.47,-7.71
(2003 DW10),2046-2058,2,8.7E-08,7.83,26.1,0.02,-7.48,-7.63
(2019 GS19),2102-2102,1,9.5E-08,13.87,25.6,0.025,-7.48,-7.48
(2007 XB23),2078-2115,10,6.7E-07,4.58,27.1,0.013,-7.49,-7.77
(2013 XS21),2079-2111,10,7.8E-06,7.5,29.4,0.004,-7.5,-7.8
(2019 KY3),2101-2110,2,2.1E-07,16.65,26.6,0.016,-7.5,-7.54
(2017 FA159),2022-2116,180,8.7E-07,6.96,28.6,0.006,-7.51,-8.15
(2002 AN129),2091-2091,1,1.3E-07,11.58,26,0.021,-7.52,-7.52
(2007 VD8),2023-2112,59,3.5E-07,12.65,27.7,0.01,-7.54,-8.32
(2011 DX4),2023-2114,24,4.9E-08,17.66,26.5,0.017,-7.54,-8.03
(2016 EL1),2068-2109,6,5.4E-07,19.9,27.8,0.009,-7.54,-7.98
(2018 XX2),2106-2106,1,1.5E-07,11.91,26,0.021,-7.55,-7.55
(2007 FP3),2055-2113,13,2E-06,9.65,28.4,0.007,-7.56,-7.9
(2016 DK2),2069-2069,1,1.5E-06,17.57,29,0.005,-7.56,-7.56
(2016 PA79),2037-2102,10,1.1E-08,12.69,24.3,0.047,-7.56,-8.16
(2017 FW158),2067-2115,16,1.4E-06,15,28.4,0.007,-7.56,-8.24
(2017 OO1),2115-2115,1,3.5E-08,10.04,24.5,0.042,-7.56,-7.56
(2019 NL4),2074-2074,1,8E-08,14.03,26.1,0.021,-7.57,-7.57
(2017 CY32),2041-2110,7,4.1E-07,19.78,28.4,0.007,-7.57,-7.91
(2017 UL5),2100-2111,2,2.6E-07,8.14,26.4,0.018,-7.57,-7.6
(2017 YM14),2056-2074,5,3.9E-07,18.39,27.8,0.009,-7.57,-7.75
(2007 EH26),2110-2110,1,1.2E-08,20.17,24.2,0.048,-7.58,-7.58
(2008 EK68),2021-2117,238,3.2E-06,7.6,29.8,0.004,-7.58,-8.44
(2018 GD2),2096-2117,15,8.6E-06,7.58,29.4,0.004,-7.58,-8.22
(2013 CY),2072-2111,7,2.2E-06,2.42,28.2,0.008,-7.59,-7.93
(2019 JY2),2059-2119,26,8.1E-06,7.67,29.6,0.004,-7.6,-8.34
(2017 UQ7),2096-2096,1,4E-08,14.07,25.2,0.031,-7.6,-7.6
(2020 SC),2088-2092,3,1.2E-07,21.86,26.7,0.016,-7.6,-7.8
(2018 FG1),2103-2117,7,6.5E-07,9.98,27.3,0.012,-7.61,-8.13
(2012 UE),2040-2058,4,6.2E-07,13.24,28.4,0.007,-7.63,-7.71
(2014 HB177),2085-2099,2,1.7E-06,6.08,28.3,0.007,-7.63,-7.67
(2018 HJ2),2085-2085,1,2.4E-08,8.41,24.6,0.041,-7.63,-7.63
(2014 HV2),2116-2116,1,1.2E-07,13.17,26,0.021,-7.63,-7.63
(2017 HY3),2024-2024,1,2.1E-09,16.89,25.4,0.028,-7.63,-7.63
(2019 VB5),2052-2118,106,6.2E-05,5.73,31.7,0.002,-7.64,-8.1
(2017 UL52),2030-2117,225,1.1E-06,5.89,28.1,0.008,-7.64,-8.81
(2015 KH158),2043-2115,18,6.1E-08,14.41,26,0.021,-7.65,-7.99
(2017 FB102),2054-2113,5,1.8E-07,8.76,26.8,0.015,-7.65,-8.02
(2011 EL40),2073-2073,1,8.6E-08,16.98,26.5,0.017,-7.65,-7.65
(2012 RU16),2036-2089,2,4.8E-08,9.13,25.6,0.026,-7.66,-7.9
(2016 FC1),2082-2088,4,2.1E-06,15.19,29.1,0.005,-7.66,-7.8
(2012 VV76),2074-2094,2,4.6E-08,14.73,25.6,0.026,-7.67,-7.81
(2019 TD),2042-2060,2,1.7E-06,9.79,29.2,0.005,-7.67,-7.84
(2008 UC202),2116-2116,3,2.4E-06,4.17,28.2,0.008,-7.68,-7.72
(2018 EL4),2110-2110,2,7.6E-08,5.58,25.3,0.03,-7.68,-7.93
(2019 JK),2053-2053,2,2.5E-07,17.81,28,0.009,-7.68,-7.8
(2016 UB26),2066-2066,1,1.2E-08,18.33,25,0.034,-7.68,-7.68
(2020 TD5),2118-2118,1,2.7E-07,9.12,26.6,0.016,-7.69,-7.69
(2008 JD33),2021-2117,156,2.4E-07,4.66,28,0.009,-7.69,-8.65
(2008 CM74),2079-2100,7,1.4E-06,4.08,28.1,0.008,-7.7,-8.12
(2009 VT1),2046-2109,5,2.5E-06,6.97,29.6,0.004,-7.7,-7.79
(2019 GK3),2103-2116,3,8.2E-06,2.95,29.5,0.004,-7.7,-7.71
(2020 UA),2068-2081,8,1.3E-06,6.5,28.4,0.007,-7.71,-8.17
(2003 UM3),2022-2115,37,4.5E-07,13.43,28,0.008,-7.72,-8.57
(2005 UC3),2072-2109,2,3.8E-07,7.83,27.1,0.013,-7.72,-7.93
(2014 OP2),2071-2079,3,1.8E-06,11.63,29.1,0.005,-7.72,-7.84
(2009 MU),2096-2099,2,1.6E-08,13.33,24.6,0.042,-7.73,-7.88
(2017 YE8),2112-2112,1,5.2E-08,14.26,25.5,0.027,-7.73,-7.73
(2014 WU200),2104-2111,3,4.8E-06,1.7,28.9,0.005,-7.73,-7.88
(2004 XO63),2065-2065,1,7.3E-08,8.16,26.1,0.021,-7.73,-7.73
(2008 YC3),2086-2103,5,5.8E-08,6.24,25.4,0.029,-7.74,-7.83
(2016 TG94),2096-2116,16,6.9E-06,8.76,29.6,0.004,-7.74,-8.32
(2020 CW),2046-2077,4,2.1E-05,20.11,32.5,0.001,-7.76,-7.76
(2019 QB1),2032-2053,2,1.1E-07,11.56,27.5,0.011,-7.77,-7.98
(2017 KB3),2100-2117,4,3.7E-08,11.43,25.1,0.033,-7.77,-7.84
(2019 CY2),2029-2029,2,1.6E-08,13.57,26.6,0.016,-7.77,-8.02
(2017 KH5),2067-2074,2,2.4E-07,14.82,27.6,0.01,-7.78,-8.07
(2010 GV23),2096-2105,2,7.3E-07,5.42,27.6,0.01,-7.79,-7.97
(2015 KH160),2087-2107,3,3.5E-08,30.01,26.4,0.018,-7.8,-7.93
(2015 FC345),2097-2109,3,8.5E-07,6.76,27.8,0.009,-7.8,-7.8
(2004 FM4),2116-2116,1,1.5E-08,14.82,24.6,0.042,-7.81,-7.81
(2017 UW5),2081-2111,2,1.2E-06,13.01,28.7,0.006,-7.82,-8.12
(2020 DM3),2109-2109,1,6.8E-08,16.52,26.2,0.02,-7.83,-7.83
(2010 XB),2027-2029,2,2.5E-07,19.67,29.6,0.004,-7.84,-8.1
(2011 FQ16),2105-2114,4,6.5E-07,7.99,27.7,0.01,-7.84,-8.03
(2020 UY),2068-2119,12,2.3E-06,6.85,28.9,0.005,-7.84,-8.5
(2012 BN123),2074-2110,4,2.8E-09,10.15,23.2,0.078,-7.85,-8.15
(2019 VA),2090-2112,3,1.1E-06,8.24,28.3,0.007,-7.85,-8.04
(2017 UF),2066-2082,2,1.8E-07,23.24,27.9,0.009,-7.85,-8.08
(2019 YV4),2035-2049,4,6.2E-08,18.77,27.3,0.012,-7.86,-7.96
(2017 UL6),2058-2106,23,4.7E-05,7.13,32,0.001,-7.86,-8.37
(2016 GS134),2054-2070,2,2.7E-07,11.02,27.8,0.01,-7.87,-8
(2020 SX6),2084-2108,7,3.1E-07,4.04,27.1,0.013,-7.87,-8.36
(2014 HM199),2025-2104,2,4.9E-10,10.54,23.7,0.063,-7.88,-7.9
(2020 GV2),2077-2078,2,9.6E-08,14.88,26.9,0.014,-7.88,-8.08
(2008 EF85),2110-2110,3,1.7E-07,9.53,26.7,0.016,-7.89,-7.93
(2019 QF),2069-2077,2,3.6E-07,11.14,27.9,0.009,-7.89,-8.13
(2020 RB7),2105-2117,5,1.9E-07,19.07,27.3,0.012,-7.9,-8.03
(2017 TU1),2076-2101,2,7E-08,10.75,26.1,0.02,-7.9,-8.03
(2018 XF2),2104-2104,1,9.6E-08,10.11,26.3,0.019,-7.9,-7.9
(2020 FG),2102-2118,5,4.3E-07,14.79,27.9,0.009,-7.9,-8.38
(2020 FU2),2098-2112,6,9.7E-07,12.88,28.6,0.006,-7.91,-8.15
(2015 HE1),2098-2098,1,1.4E-07,14.6,27,0.013,-7.92,-7.92
(2020 SL6),2092-2110,4,3.6E-07,14.46,27.8,0.009,-7.92,-8.06
(2019 EH1),2052-2118,13,2.8E-06,14.48,30.1,0.003,-7.93,-8.44
(2008 VB4),2030-2106,18,1.2E-07,11.59,28.2,0.008,-7.94,-8.2
(2008 UM1),2021-2073,7,5.4E-07,18.99,31.6,0.002,-7.94,-7.98
(2018 BX5),2090-2118,10,2E-06,7.78,29,0.005,-7.94,-8.36
(2020 SK4),2055-2119,30,1E-05,5.52,30.3,0.003,-7.94,-8.75
(2011 SE191),2098-2098,1,1.6E-08,14.57,25.1,0.033,-7.96,-7.96
(2017 VF14),2080-2093,5,7.2E-07,11.85,28.5,0.007,-7.96,-8.23
(2015 SK7),2059-2107,4,9.2E-07,12.16,28.8,0.006,-7.96,-8.27
(2015 XH55),2092-2117,6,2.5E-06,7.13,29.2,0.005,-7.97,-8.33
(2020 TW),2076-2117,4,4E-07,5.3,27.5,0.011,-7.97,-8.27
(2017 BE30),2100-2100,1,4.8E-08,16.69,26.3,0.019,-7.98,-7.98
(2012 TP20),2069-2102,3,4E-07,7.3,27.9,0.009,-7.99,-8.28
(2016 FE15),2068-2116,3,6.1E-07,12.2,28.8,0.006,-8.01,-8.02
(2016 VF18),2031-2082,6,2.4E-06,10.06,29.8,0.004,-8.01,-8.05
(2020 RR4),2082-2082,1,3E-08,12.73,25.9,0.022,-8.03,-8.03
(2017 YD2),2055-2065,4,5.9E-07,8.49,28.7,0.006,-8.04,-8.09
(2019 DM1),2072-2091,3,2.3E-07,17.58,28,0.008,-8.05,-8.25
(2019 YL3),2047-2047,1,1.1E-07,9.99,27.7,0.01,-8.05,-8.05
(2013 NR13),2114-2114,1,4E-08,11.31,25.8,0.024,-8.05,-8.05
(2020 AR1),2088-2088,1,1.7E-07,9.05,27.2,0.012,-8.06,-8.06
(2019 CZ1),2114-2114,1,3.8E-09,22.61,24.3,0.047,-8.06,-8.06
(2015 FU344),2066-2111,10,7E-06,9.92,31,0.002,-8.07,-8.26
(2019 TN5),2041-2041,1,1.6E-07,11.59,28.4,0.007,-8.07,-8.07
(2015 PS228),2080-2115,3,1.4E-06,2.55,28.9,0.005,-8.08,-8.16
(2020 BA13),2068-2105,8,9.2E-07,10.01,28.8,0.006,-8.08,-8.69
(2020 GX),2061-2079,4,1.2E-09,21.69,23.9,0.055,-8.09,-8.43
(2019 QR8),2105-2105,3,3.5E-07,12.93,28,0.008,-8.1,-8.33
(2018 LE1),2102-2102,1,3.8E-07,5.9,27.7,0.01,-8.1,-8.1
(2006 BO7),2060-2115,4,9.4E-07,9.83,29.3,0.005,-8.11,-8.3
(2014 HE197),2028-2098,22,6.1E-09,16.73,25.5,0.027,-8.11,-9.08
(2010 YD),2091-2091,1,7.9E-08,8.99,26.6,0.016,-8.11,-8.11
(2015 FN36),2117-2117,1,2.3E-09,21.85,23.9,0.056,-8.13,-8.13
(2009 WQ52),2037-2037,1,7.1E-08,14.76,28.2,0.008,-8.14,-8.14
(2016 AF2),2072-2093,6,2.6E-07,5.87,27.8,0.009,-8.14,-8.19
(2017 UQ6),2090-2090,1,1.8E-07,3.04,27.1,0.013,-8.14,-8.14
(2015 HD1),2047-2060,2,4.9E-08,15.69,27.4,0.011,-8.15,-8.42
(2020 TE6),2066-2072,2,1.1E-07,10.98,27.5,0.011,-8.16,-8.28
(2016 NJ56),2036-2036,1,4E-09,4.95,25.1,0.033,-8.16,-8.16
(2010 UE),2032-2044,2,2.4E-07,16.11,29.6,0.004,-8.17,-8.3
(2004 BK86),2078-2078,1,9.4E-09,15.77,25.4,0.028,-8.17,-8.17
(2020 HN3),2088-2118,11,3.2E-06,4.18,29.6,0.004,-8.18,-8.44
(2012 WR10),2087-2096,2,7.7E-07,2.73,28.5,0.007,-8.19,-8.4
(2010 RK53),2029-2029,1,3.4E-08,8.23,27.8,0.009,-8.2,-8.2
(2014 KW76),2115-2115,1,2.7E-07,15,28,0.008,-8.2,-8.2
(2014 QJ365),2095-2113,2,1.5E-07,12.06,27.5,0.011,-8.2,-8.26
(2011 UA64),2113-2113,1,8.7E-08,14.41,27,0.013,-8.22,-8.22
(2018 DU1),2078-2095,2,2.1E-07,6.69,27.7,0.01,-8.23,-8.3
(2016 DY30),2036-2115,9,7.7E-07,15.6,30.5,0.003,-8.24,-8.28
(2018 QS),2084-2084,1,3.3E-08,9.48,26.3,0.019,-8.25,-8.25
(2016 TM),2089-2093,2,2.1E-07,4.29,27.5,0.011,-8.26,-8.26
(2020 KS),2055-2072,3,1.6E-08,7.1,25.8,0.024,-8.27,-8.66
(2017 SA21),2056-2056,1,1.7E-07,10.07,28.3,0.007,-8.28,-8.28
(2007 WT3),2101-2101,1,1.9E-09,19.92,24.1,0.051,-8.29,-8.29
(2017 UK1),2081-2112,3,9.4E-08,7.56,27.1,0.013,-8.29,-8.43
(2020 FM1),2071-2109,4,1.4E-06,7.09,29.3,0.005,-8.3,-8.53
(2019 SM8),2061-2061,1,3.5E-07,14.05,29.2,0.005,-8.31,-8.31
(2008 XC1),2085-2085,1,1.4E-09,11.66,23.7,0.063,-8.32,-8.32
(2014 OQ392),2092-2115,4,7.2E-10,11.64,22.8,0.093,-8.32,-8.77
(2017 YD1),2102-2117,3,3.6E-06,2.67,30,0.003,-8.32,-8.42
(2014 DK10),2060-2100,3,1.2E-07,11.81,27.8,0.01,-8.33,-8.7
(2020 UB),2080-2080,1,1.4E-07,11.21,27.9,0.009,-8.33,-8.33
(2019 SE11),2042-2064,4,4.1E-09,11.99,25.4,0.028,-8.35,-8.71
(2008 YC29),2034-2116,15,1.1E-08,11.02,25.4,0.028,-8.36,-8.75
(2012 XL55),2066-2066,1,2.3E-08,19.09,27.1,0.013,-8.36,-8.36
(2020 DW),2108-2108,1,4.7E-06,3.79,30.3,0.003,-8.36,-8.36
(2013 UJ5),2061-2061,1,1E-07,10.81,28,0.009,-8.37,-8.37
(2014 UY57),2071-2076,2,6E-08,9.1,27.2,0.012,-8.38,-8.6
(2009 FQ32),2070-2104,7,6.4E-08,4.75,26.8,0.015,-8.39,-8.87
(2010 VR139),2024-2076,13,2.1E-08,5.2,26.7,0.015,-8.39,-9.08
(2017 SG33),2051-2109,4,8.2E-10,17.4,23.9,0.055,-8.43,-8.82
(2014 BZ2),2106-2106,1,7.2E-09,17.72,25.5,0.027,-8.44,-8.44
(2020 FP5),2115-2117,7,1.7E-06,7.15,29.7,0.004,-8.45,-8.71
(2020 KJ4),2096-2106,2,2.3E-06,4.22,29.9,0.004,-8.45,-8.45
(2004 OD4),2100-2100,1,5.8E-08,8.45,26.9,0.014,-8.47,-8.47
(2019 EF),2117-2117,1,2.6E-08,17.67,26.6,0.016,-8.47,-8.47
(2013 VJ13),2099-2099,1,9.8E-10,16.09,23.8,0.06,-8.48,-8.48
(2020 TT1),2102-2102,1,4.7E-08,14.22,27.1,0.013,-8.48,-8.48
(2020 RE4),2115-2120,6,1.1E-07,17.78,27.9,0.009,-8.48,-8.91
(2007 WW3),2031-2106,5,1.1E-09,10.27,23.9,0.056,-8.49,-8.88
(2020 BY11),2114-2120,3,1.6E-07,12.48,27.9,0.009,-8.49,-8.92
(2020 PW2),2073-2100,7,2.7E-07,10.61,28.7,0.006,-8.52,-9.1
(2009 XR1),2026-2109,13,2E-07,6,29.3,0.005,-8.53,-8.91
(2018 BP3),2115-2115,1,4.8E-07,6.92,28.7,0.006,-8.53,-8.53
(2020 KD1),2042-2042,1,4.1E-08,8.72,27.9,0.009,-8.53,-8.53
(2015 KW157),2042-2115,7,9.8E-09,9.32,25.9,0.022,-8.54,-8.85
(2018 XX3),2088-2112,4,1.2E-06,4.41,29.7,0.004,-8.55,-8.66
(2019 UN8),2101-2105,3,4.8E-07,19.3,29.7,0.004,-8.57,-8.94
(2019 YA3),2095-2116,2,2.4E-08,8.35,26.4,0.018,-8.59,-8.6
(2017 JB2),2110-2111,2,7.5E-07,2.93,29.1,0.005,-8.59,-8.88
(2019 JX1),2100-2104,3,3.3E-07,14.36,29.1,0.005,-8.6,-8.76
(2019 JH7),2114-2118,2,1E-06,9.05,29.6,0.004,-8.6,-8.89
(2019 BV2),2116-2116,1,6.2E-09,15.21,25.5,0.027,-8.61,-8.61
(2005 TK50),2054-2106,2,1.5E-07,20.62,28.9,0.006,-8.63,-8.66
(2016 YC13),2087-2116,7,2.1E-08,11.76,26.7,0.016,-8.64,-8.74
(2012 CS46),2096-2106,3,1E-07,6.72,27.7,0.01,-8.66,-8.91
(2016 FA14),2072-2072,1,2.3E-08,15.24,27.3,0.012,-8.66,-8.66
(2019 DF),2059-2110,9,4.2E-07,14.11,30,0.003,-8.67,-8.95
(2017 TD6),2081-2081,1,3.5E-08,9,27.2,0.012,-8.67,-8.67
(2018 XW3),2044-2044,1,4.5E-09,12.28,26.3,0.018,-8.68,-8.68
(2006 WV),2103-2103,1,2.9E-08,14.69,27.1,0.013,-8.68,-8.68
(2019 FT1),2104-2113,2,3.7E-08,10.86,27,0.014,-8.68,-8.76
(2015 HM182),2021-2116,96,1.6E-07,6.93,29,0.005,-8.73,-9.58
(2018 WG2),2078-2103,2,1.2E-06,6.47,30.1,0.003,-8.73,-8.81
(2012 WQ3),2040-2040,1,5.5E-10,23.77,25.4,0.028,-8.74,-8.74
(2012 YR1),2077-2077,1,1.5E-08,7.84,26.5,0.017,-8.74,-8.74
(2016 JY5),2093-2107,3,4.7E-08,6.17,27.1,0.013,-8.74,-9.09
(2008 EF32),2083-2083,3,2.6E-07,13.11,29.4,0.004,-8.76,-8.79
(2018 AT2),2115-2115,1,9.5E-08,7.11,27.7,0.01,-8.76,-8.76
(2017 VC14),2111-2111,2,1.3E-07,11.5,28.3,0.007,-8.76,-8.86
(2009 JE1),2044-2093,8,2E-08,5.64,27.3,0.012,-8.8,-9.1
(2011 SL189),2043-2100,5,8.6E-10,9.74,24.6,0.04,-8.8,-9.33
(2020 TJ7),2101-2101,2,1.7E-08,9.41,26.6,0.017,-8.8,-8.87
(2008 WJ14),2031-2089,8,4.4E-09,10.65,26.5,0.017,-8.84,-9.32
(2011 CA7),2062-2064,3,5.4E-07,8.91,30.3,0.003,-8.84,-9.07
(2016 JA),2064-2089,3,4.1E-08,7.59,27.5,0.011,-8.84,-9.1
(2002 CA26),2115-2115,1,7.6E-09,11.06,25.9,0.022,-8.85,-8.85
(2019 SX8),2110-2116,4,2.6E-07,8.33,28.9,0.005,-8.85,-9.1
(2015 HE183),2090-2090,1,5.9E-08,13.58,28.2,0.008,-8.86,-8.86
(2016 UR36),2107-2107,2,2.6E-08,17.96,27.5,0.011,-8.87,-8.98
(2013 RZ53),2104-2107,2,3.7E-06,1.28,31.1,0.002,-8.88,-8.99
(2019 QD),2112-2112,1,1.2E-07,15.33,28.8,0.006,-8.88,-8.88
(2009 EJ1),2041-2086,4,4E-08,10.47,28.3,0.008,-8.9,-9.11
(2019 UW7),2081-2081,1,2.2E-08,10.01,27.3,0.012,-8.9,-8.9
(2016 AQ164),2035-2035,1,6.9E-08,13.9,29.9,0.004,-8.92,-8.92
(2013 EC20),2112-2112,3,3.2E-07,2.67,29,0.005,-8.93,-9.22
(2017 BF136),2069-2105,3,2.5E-09,20.9,26.1,0.02,-8.95,-9.11
(2009 XQ2),2084-2114,2,2.6E-10,26.17,24.1,0.051,-8.96,-9.19
(2019 JZ2),2041-2041,1,1.7E-09,20.15,26.7,0.015,-8.96,-8.96
(2009 MG1),2079-2079,1,3.1E-10,17.47,24.1,0.052,-8.97,-8.97
(2010 XU),2081-2088,2,3E-09,6.25,25.4,0.029,-8.98,-9.14
(2014 HM198),2075-2104,2,1.3E-08,10.52,27.3,0.012,-9.08,-9.09
(2020 DR4),2039-2064,4,1.2E-07,6.83,29.7,0.004,-9.08,-9.39
(2007 VF189),2072-2077,2,3.6E-08,11.47,28.4,0.007,-9.12,-9.19
(2015 HZ182),2035-2101,10,3.9E-09,14.85,27,0.013,-9.12,-9.37
(2014 HN2),2112-2112,1,9.8E-09,2.59,26.3,0.018,-9.16,-9.16
(2016 WF7),2102-2115,4,1E-07,6.54,28.7,0.006,-9.18,-9.27
(2019 SU1),2116-2119,2,8.5E-08,5.09,28.4,0.007,-9.18,-9.23
(2008 JL24),2091-2091,1,2.3E-07,2.7,29.6,0.004,-9.22,-9.22
(2018 EZ2),2118-2118,1,7.6E-09,9.38,26.6,0.017,-9.23,-9.23
(2019 SU2),2095-2096,2,2.5E-07,11.1,30.1,0.003,-9.23,-9.36
(2013 VD17),2075-2075,1,6.1E-09,11.99,27.1,0.013,-9.27,-9.27
(2020 RO2),2040-2040,1,2.8E-09,15.62,27.6,0.01,-9.27,-9.27
(2016 NC56),2114-2114,1,8.4E-09,14.5,27.1,0.013,-9.28,-9.28
(2018 DO3),2046-2115,18,3.4E-08,17.84,29.1,0.005,-9.3,-10.09
(2017 YE7),2022-2022,1,8E-10,20.33,28.5,0.007,-9.32,-9.32
(2020 OX4),2088-2088,1,2.5E-10,17.11,24.6,0.042,-9.36,-9.36
(2014 AG51),2067-2105,4,7.6E-08,14.81,30,0.003,-9.4,-9.43
(2020 SM2),2111-2111,1,6.9E-08,4.17,28.7,0.006,-9.4,-9.4
(2005 WN3),2024-2024,1,4E-09,18.17,29.9,0.004,-9.45,-9.45
(2017 UJ2),2074-2097,5,5.1E-07,5.23,30.9,0.002,-9.45,-9.81
(2020 PT2),2070-2070,1,1.6E-09,8.24,26.2,0.02,-9.48,-9.48
(2009 SD15),2081-2105,2,2.7E-09,14.07,26.9,0.014,-9.49,-9.52
(2019 GC6),2113-2113,1,5E-09,5.28,26.5,0.017,-9.49,-9.49
(2016 FF14),2117-2117,1,7.3E-09,9.83,27.1,0.013,-9.49,-9.49
(2017 WW1),2055-2055,1,4E-08,12.44,29.7,0.004,-9.5,-9.5
(2019 VC),2117-2117,1,6.7E-08,3.81,28.8,0.006,-9.53,-9.53
(2009 DM40),2091-2091,1,2.9E-09,8.96,26.6,0.016,-9.55,-9.55
(2010 SK13),2084-2084,1,2.5E-09,18.03,27.3,0.012,-9.62,-9.62
(2011 SC108),2111-2111,1,4.9E-09,22.3,27.9,0.009,-9.64,-9.64
(2014 WZ365),2047-2047,1,2.8E-10,10.86,25.7,0.025,-9.66,-9.66
(2019 YS),2089-2116,12,7.2E-07,6.25,31.5,0.002,-9.67,-10.33
(2019 SK9),2099-2099,1,2.2E-09,15.89,27.1,0.013,-9.76,-9.76
(2019 XR),2053-2053,1,4.5E-09,8.11,28.1,0.008,-9.77,-9.77
(2017 WE30),2038-2094,8,1E-07,17.56,31.9,0.001,-9.85,-10.11
(2009 SH1),2070-2116,32,6.7E-08,5.56,30,0.003,-9.88,-10.87
(2020 UA3),2118-2118,1,2.6E-09,6.29,26.7,0.015,-9.88,-9.88
(2009 EH1),2051-2051,1,1.5E-09,10.6,27.9,0.009,-10.01,-10.01
(2015 RU178),2055-2055,1,9.6E-10,18.73,27.9,0.009,-10.04,-10.04
(2007 RC20),2091-2091,1,1.2E-09,5.07,26.7,0.016,-10.05,-10.05
(2014 HC196),2112-2112,1,2E-10,10.36,25.2,0.031,-10.09,-10.09
(2012 CQ46),2098-2107,2,1.3E-09,12.89,27.3,0.012,-10.14,-10.42
(2020 TS4),2103-2103,1,3.6E-09,4.11,27.9,0.009,-10.26,-10.26
(2019 UN13),2111-2111,1,2.9E-07,10.18,32.1,0.001,-10.28,-10.28
(2016 VH),2115-2115,1,9.3E-10,4.79,26.8,0.015,-10.36,-10.36
(2014 YP44),2092-2101,3,3.8E-10,4.34,26.1,0.02,-10.36,-10.7
(2018 PR7),2097-2097,1,4.2E-09,4.18,28.5,0.007,-10.47,-10.47
(2012 UL171),2083-2083,2,5E-10,4.07,26.9,0.014,-10.55,-10.71
(2016 MH3),2104-2104,2,5.4E-10,4.79,27.1,0.013,-10.69,-10.82
(2020 CM),2119-2119,1,8.4E-10,10.71,27.9,0.009,-10.78,-10.78
(2016 DB),2059-2059,1,5E-10,9.16,28.5,0.007,-10.94,-10.94
(2012 FN),2089-2113,3,1.8E-09,3.7,29.1,0.005,-11.15,-11.4
(2018 RW),2110-2110,1,5.4E-09,5.74,30.3,0.003,-11.24,-11.24
(2019 UT5),2080-2080,1,2.4E-10,14.16,28.4,0.007,-11.28,-11.28
(2017 YK14),2075-2075,1,1.7E-10,3.25,28.2,0.008,-11.59,-11.59
(2019 BZ3),2092-2092,1,1.5E-10,10.55,28.7,0.006,-11.8,-11.8
(2019 AS5),2085-2085,1,3.4E-09,10.17,32.3,0.001,-12.16,-12.16
